Date,Open,High,Low,Close,Adj Close,Volume
2015/2/2,17.502501,18.25,17.5005,18.223499,18.223499,204638000
2015/2/3,18.0145,18.391001,18.0105,18.1775,18.1775,124252000
2015/2/4,17.919001,18.375,17.911501,18.237499,18.237499,83398000
2015/2/5,18.299999,18.940001,18.295,18.6945,18.6945,144952000
2015/2/6,18.7435,18.7995,18.550501,18.714001,18.714001,77848000
2015/2/9,18.549999,18.720501,18.360001,18.528,18.528,54492000
2015/2/10,18.5595,18.715,18.425501,18.65,18.65,45744000
2015/2/11,18.561501,18.855,18.555,18.757,18.757,55730000
2015/2/12,18.754999,18.925501,18.657499,18.8585,18.8585,55822000
2015/2/13,18.9205,19.15,18.8505,19.091499,19.091499,69502000
2015/2/17,18.886,18.9995,18.633499,18.7715,18.7715,73464000
2015/2/18,18.688999,18.837,18.6425,18.668501,18.668501,53012000
2015/2/19,18.6745,19.094,18.671499,18.950001,18.950001,59076000
2015/2/20,18.931,19.184999,18.792,19.183001,19.183001,65160000
2015/2/23,19.172001,19.226999,18.9,19.007,19.007,43540000
2015/2/24,18.932501,19.024,18.808001,18.929501,18.929501,38416000
2015/2/25,18.863501,19.3925,18.827,19.268499,19.268499,63490000
2015/2/26,19.203501,19.4685,19.164,19.24,19.24,53742000
2015/2/27,19.200001,19.2995,18.9895,19.007999,19.007999,50646000
2015/3/2,19.0425,19.295,18.974001,19.283001,19.283001,42784000
2015/3/3,19.1975,19.305,19.08,19.230499,19.230499,38930000
2015/3/4,19.2855,19.395,19.109501,19.136,19.136,45182000
2015/3/5,19.2805,19.421,19.1945,19.3915,19.3915,53870000
2015/3/6,19.275999,19.35,18.944,19.004499,19.004499,52540000
2015/3/9,18.92,18.966499,18.764,18.927999,18.927999,46228000
2015/3/10,18.872499,18.8885,18.459,18.4755,18.4755,62420000
2015/3/11,18.5305,18.6675,18.313,18.318501,18.318501,49902000
2015/3/12,18.441,18.775,18.375999,18.712,18.712,56200000
2015/3/13,18.576,18.699499,18.334,18.528999,18.528999,52234000
2015/3/16,18.518999,18.697001,18.336,18.6675,18.6675,47082000
2015/3/17,18.5555,18.725,18.482,18.596001,18.596001,40740000
2015/3/18,18.498501,18.7995,18.334999,18.757,18.757,53082000
2015/3/19,18.693501,18.855499,18.609501,18.662001,18.662001,38314000
2015/3/20,18.814501,18.9685,18.796,18.9245,18.9245,75272000
2015/3/23,18.9035,19.088499,18.747,18.755501,18.755501,44786000
2015/3/24,18.699499,18.761999,18.613501,18.7045,18.7045,44564000
2015/3/25,18.758499,19.025,18.5145,18.548,18.548,68590000
2015/3/26,18.4795,18.57,18.282499,18.3675,18.3675,58600000
2015/3/27,18.355499,18.658501,18.328501,18.528,18.528,52196000
2015/3/30,18.5935,18.806,18.577499,18.7295,18.7295,36418000
2015/3/31,18.662001,18.885,18.5755,18.605,18.605,50122000
2015/4/1,18.605,18.658001,18.417,18.513,18.513,49162000
2015/4/2,18.525,18.664,18.450001,18.612499,18.612499,37506000
2015/4/6,18.504999,19.01,18.468,18.851999,18.851999,61014000
2015/4/7,18.807501,18.9655,18.7015,18.720501,18.720501,39098000
2015/4/8,18.733,19.079,18.7325,19.059999,19.059999,52728000
2015/4/9,19.033001,19.221001,18.940001,19.177,19.177,47846000
2015/4/10,19.2155,19.356001,19.066,19.1325,19.1325,51470000
2015/4/13,19.1765,19.264,19.007,19.118,19.118,37890000
2015/4/14,19.175501,19.390499,19.060499,19.255501,19.255501,51672000
2015/4/15,19.2325,19.289,19.082001,19.172501,19.172501,38664000
2015/4/16,19.1845,19.372499,19.1775,19.302,19.302,41608000
2015/4/17,19.1315,19.177999,18.719999,18.778,18.778,76794000
2015/4/20,18.9275,19.597,18.85,19.4755,19.4755,100322000
2015/4/21,19.5655,19.73,19.34,19.559,19.559,92870000
2015/4/22,19.595501,19.714001,19.4,19.49,19.49,69494000
2015/4/23,19.5105,19.594,19.307501,19.4995,19.4995,159600000
2015/4/24,21.950001,22.6325,21.950001,22.254999,22.254999,343538000
2015/4/27,22.193001,22.349501,21.870501,21.927999,21.927999,108618000
2015/4/28,21.925501,21.950001,21.402,21.4655,21.4655,82810000
2015/4/29,21.3375,21.712,21.3015,21.4685,21.4685,72434000
2015/4/30,21.355499,21.5875,20.962,21.089001,21.089001,72958000
2015/5/1,21.191,21.282,20.799999,21.143499,21.143499,71316000
2015/5/4,21.24,21.488501,21.121,21.152,21.152,45408000
2015/5/5,21.1425,21.3755,21.051001,21.0595,21.0595,57128000
2015/5/6,21.071501,21.136,20.727501,20.955,20.955,51050000
2015/5/7,21.2075,21.424999,21.1425,21.344,21.344,55322000
2015/5/8,21.5375,21.76,21.508499,21.6845,21.6845,58176000
2015/5/11,21.6255,21.950001,21.568501,21.6425,21.6425,47874000
2015/5/12,21.554001,21.6625,21.335501,21.551001,21.551001,38956000
2015/5/13,21.499001,21.6765,21.290001,21.3435,21.3435,39926000
2015/5/14,21.4725,21.65,21.3505,21.614,21.614,37770000
2015/5/15,21.4,21.52,21.215,21.299999,21.299999,84806000
2015/5/18,21.299999,21.363501,21.073,21.261999,21.261999,47804000
2015/5/19,21.2435,21.412001,21.0315,21.085501,21.085501,49284000
2015/5/20,21.030001,21.355,20.917999,21.193001,21.193001,43924000
2015/5/21,21.4,21.844999,21.4,21.581499,21.581499,82428000
2015/5/22,21.577499,21.622,21.380501,21.3815,21.3815,40412000
2015/5/26,21.309999,21.35,21.1,21.2735,21.2735,44884000
2015/5/27,21.372499,21.592501,21.2505,21.570999,21.570999,44622000
2015/5/28,21.4855,21.567499,21.2735,21.328501,21.328501,38248000
2015/5/29,21.3615,21.625,21.3615,21.4615,21.4615,60322000
2015/6/1,21.52,21.658001,21.309999,21.546,21.546,45066000
2015/6/2,21.5035,21.661501,21.3125,21.5495,21.5495,33378000
2015/6/3,21.719999,21.9195,21.637501,21.8295,21.8295,54558000
2015/6/4,21.719999,21.837999,21.462999,21.539,21.539,50216000
2015/6/5,21.483,21.540001,21.325001,21.3475,21.3475,38158000
2015/6/8,21.281,21.34,21.071501,21.174999,21.174999,43450000
2015/6/9,21.148001,21.3745,20.957001,21.274,21.274,45774000
2015/6/10,21.323,21.610001,21.283001,21.5385,21.5385,43446000
2015/6/11,21.6145,21.9445,21.5735,21.6485,21.6485,58450000
2015/6/12,21.5625,21.618,21.413,21.496,21.496,41088000
2015/6/15,21.382999,21.4025,21.132,21.1835,21.1835,41020000
2015/6/16,21.2075,21.3985,21.133499,21.363001,21.363001,45928000
2015/6/17,21.417999,21.567499,21.237499,21.390499,21.390499,43718000
2015/6/18,21.514999,21.9865,21.470501,21.9695,21.9695,67568000
2015/6/19,22.013,22.2495,21.662001,21.746,21.746,89902000
2015/6/22,21.85,21.962,21.709,21.814501,21.814501,36472000
2015/6/23,21.779499,22.351999,21.6845,22.2995,22.2995,64900000
2015/6/24,22.248501,22.3235,22.011499,22.042,22.042,52416000
2015/6/25,21.9035,22.1735,21.8195,22.004999,22.004999,44750000
2015/6/26,22.087999,22.1745,21.753,21.905001,21.905001,52490000
2015/6/29,21.749001,21.85,21.450001,21.493,21.493,55064000
2015/6/30,21.709999,21.7785,21.523001,21.7045,21.7045,51938000
2015/7/1,21.967501,22,21.778999,21.869499,21.869499,39742000
2015/7/2,21.85,21.91,21.674,21.8855,21.8855,26868000
2015/7/6,21.761499,21.9865,21.676001,21.802,21.802,38064000
2015/7/7,21.784,21.886499,21.2785,21.836,21.836,69084000
2015/7/8,21.717501,21.7995,21.4415,21.485001,21.485001,47662000
2015/7/9,21.745001,21.936001,21.7075,21.7195,21.7195,45428000
2015/7/10,22.0245,22.236,21.950001,22.175501,22.175501,48020000
2015/7/13,22.414499,22.893499,22.377001,22.7785,22.7785,79136000
2015/7/14,23.115999,23.48,22.908001,23.2785,23.2785,94724000
2015/7/15,23.152,23.235001,23.01,23.0595,23.0595,59748000
2015/7/16,23.275,23.794001,23.24,23.774,23.774,81912000
2015/7/17,23.885,24.271,23.862499,24.150499,24.150499,98644000
2015/7/20,24.6285,24.66,24.27,24.405001,24.405001,95050000
2015/7/21,24.395,24.444,24.127501,24.4,24.4,63636000
2015/7/22,24.2995,24.625,24.245001,24.4135,24.4135,62298000
2015/7/23,24.583,24.583,23.785,24.108999,24.108999,187488000
2015/7/24,28.949499,29.0285,26.467501,26.471001,26.471001,438188000
2015/7/27,26.387501,27.247499,26.33,26.570499,26.570499,149820000
2015/7/28,26.799999,26.8195,26.156,26.3015,26.3015,105462000
2015/7/29,26.546,26.6485,26.250999,26.450001,26.450001,75052000
2015/7/30,26.3825,26.959999,26.2145,26.837999,26.837999,74862000
2015/7/31,26.9545,27.142,26.726,26.807501,26.807501,60512000
2015/8/3,26.872499,27.021999,26.468,26.751499,26.751499,60284000
2015/8/4,26.484501,26.8475,26.458,26.594999,26.594999,58692000
2015/8/5,26.940001,26.957001,26.705999,26.8505,26.8505,57788000
2015/8/6,26.965,27.136999,26.375999,26.473,26.473,76410000
2015/8/7,26.458,26.473,25.9105,26.131001,26.131001,79384000
2015/8/10,26.426001,26.614,26.15,26.200001,26.200001,52318000
2015/8/11,26.182501,26.448999,26.1,26.372999,26.372999,53532000
2015/8/12,26.1875,26.375,25.653,26.2955,26.2955,79246000
2015/8/13,26.3685,26.733,26.2745,26.483,26.483,57904000
2015/8/14,26.4125,26.7055,26.4125,26.576,26.576,39896000
2015/8/17,26.564501,26.937,26.356001,26.761,26.761,51634000
2015/8/18,26.752001,26.974501,26.65,26.750999,26.750999,41426000
2015/8/19,26.687,26.862499,26.450001,26.646,26.646,46480000
2015/8/20,26.519501,26.6625,25.7885,25.789,25.789,88160000
2015/8/21,25.368,25.616501,24.723499,24.723499,24.723499,134130000
2015/8/24,23.179001,23.829,22.549999,23.168501,23.168501,201952000
2015/8/25,24.3745,24.472,23.3125,23.318501,23.318501,113586000
2015/8/26,24.201,25.186001,23.938,25.0385,25.0385,127172000
2015/8/27,25.685499,26.134501,25.363001,25.918501,25.918501,122290000
2015/8/28,25.875,26.075001,25.652,25.900499,25.900499,54934000
2015/8/31,25.822001,25.970501,25.453501,25.644501,25.644501,60046000
2015/9/1,24.957001,25.5,24.671499,24.827,24.827,77290000
2015/9/2,25.254499,25.542999,24.886,25.5275,25.5275,74142000
2015/9/3,25.725,25.792,25.1285,25.236,25.236,62994000
2015/9/4,24.8825,25.1425,24.782,24.950001,24.950001,53850000
2015/9/8,25.4345,25.9175,25.425501,25.877001,25.877001,76214000
2015/9/9,26.200001,26.497499,25.753,25.8445,25.8445,87414000
2015/9/10,25.7575,26.306499,25.739,26.112,26.112,51520000
2015/9/11,26.053499,26.472,26.0305,26.472,26.472,64558000
2015/9/14,26.472,26.622499,25.929001,26.069,26.069,62604000
2015/9/15,26.1625,26.396,25.860001,26.1185,26.1185,57318000
2015/9/16,26.099001,26.415001,25.926001,26.369499,26.369499,45056000
2015/9/17,26.349001,27.348499,26.328501,26.943501,26.943501,83390000
2015/9/18,26.731001,27.312,26.567499,27.013,27.013,123202000
2015/9/21,27.216499,27.489,26.9795,27.4195,27.4195,65666000
2015/9/22,26.9855,27.1775,26.632999,26.92,26.92,76834000
2015/9/23,26.915001,27.060499,26.700001,26.803499,26.803499,44752000
2015/9/24,26.5275,26.728001,26.143499,26.6875,26.6875,70020000
2015/9/25,27.1285,27.139999,26.07,26.2125,26.2125,80620000
2015/9/28,26.000999,26.014,24.716499,25.202999,25.202999,108690000
2015/9/29,25.299999,25.573999,24.525,24.803499,24.803499,89150000
2015/9/30,25.271999,25.639999,25.0835,25.5945,25.5945,80094000
2015/10/1,25.549999,26.040001,25.299999,26.035999,26.035999,75370000
2015/10/2,25.6495,26.629999,25.405001,26.627001,26.627001,91956000
2015/10/5,26.849501,27.2955,26.799999,27.184,27.184,67828000
2015/10/6,27.275,27.575001,26.6665,26.874001,26.874001,90056000
2015/10/7,27.0895,27.1,26.450001,27.097,27.097,76242000
2015/10/8,26.835501,26.9695,25.994499,26.658001,26.658001,93528000
2015/10/9,26.724001,27.0895,26.5135,26.99,26.99,70748000
2015/10/12,26.997999,27.541,26.99,27.509501,27.509501,55522000
2015/10/13,27.313,27.66,27.155001,27.445,27.445,58760000
2015/10/14,27.566999,27.612499,26.983999,27.241501,27.241501,71642000
2015/10/15,27.387501,28.15,27.35,28.122,28.122,98740000
2015/10/16,28.2635,28.547001,28.015499,28.538,28.538,86316000
2015/10/19,28.538,28.950001,28.368999,28.657499,28.657499,87508000
2015/10/20,28.6,28.65,27.764,28.044001,28.044001,86924000
2015/10/21,28.193501,28.262501,27.625999,27.7885,27.7885,66872000
2015/10/22,28.135,28.4575,27.8335,28.195499,28.195499,155588000
2015/10/23,30.884001,30.9725,29.768,29.9515,29.9515,213854000
2015/10/26,30.115,30.4925,29.814501,30.4305,30.4305,85394000
2015/10/27,30.43,30.7355,30.276501,30.550501,30.550501,75742000
2015/10/28,30.615,30.8615,30.475,30.855,30.855,78524000
2015/10/29,30.885,31.377001,30.769501,31.327499,31.327499,77920000
2015/10/30,31.300501,31.535999,31.264,31.295,31.295,77488000
2015/11/2,31.356501,31.431499,31.0205,31.4175,31.4175,56330000
2015/11/3,31.4765,31.494499,31.1,31.265499,31.265499,64938000
2015/11/4,31.388,32.296501,31.3675,32.047501,32.047501,96810000
2015/11/5,32.355,32.849998,32.154499,32.782501,32.782501,94476000
2015/11/6,32.75,33.112999,32.599998,32.968498,32.968498,81844000
2015/11/9,32.932499,33.098,32.392502,32.774502,32.774502,80976000
2015/11/10,32.550499,33,32.362999,32.984001,32.984001,69790000
2015/11/11,33.162498,33.798,33.162498,33.662498,33.662498,107746000
2015/11/12,33.650002,33.782001,33.210999,33.279999,33.279999,85694000
2015/11/13,33.178501,33.349998,32.022499,32.1175,32.1175,125222000
2015/11/16,32.046001,32.4995,31.1145,32.390499,32.390499,148718000
2015/11/17,32.532501,32.662498,32.049999,32.165001,32.165001,86404000
2015/11/18,32.3255,33.243999,32.318501,33.176998,33.176998,89396000
2015/11/19,33.2495,33.643002,32.950001,33.063499,33.063499,94104000
2015/11/20,33.396999,33.443501,32.878502,33.422501,33.422501,77922000
2015/11/23,33.575001,34.1385,33.506001,33.949501,33.949501,87702000
2015/11/24,33.707001,33.790001,33.060501,33.557499,33.557499,90868000
2015/11/25,33.75,33.985001,33.562,33.766998,33.766998,53958000
2015/11/27,34.040001,34.0495,33.605,33.662998,33.662998,39336000
2015/11/30,33.794998,34.064499,33.23,33.240002,33.240002,113864000
2015/12/1,33.6875,34.049999,33.393002,33.952999,33.952999,95024000
2015/12/2,34.049999,34.241001,33.712502,33.800499,33.800499,85470000
2015/12/3,33.972,34.1395,33.074001,33.3125,33.3125,101294000
2015/12/4,33.299999,33.738998,33.07,33.632,33.632,90696000
2015/12/7,33.737,33.772999,33.025002,33.491501,33.491501,74656000
2015/12/8,33.156502,33.9995,32.989498,33.866501,33.866501,73038000
2015/12/9,33.900002,33.950001,32.784,33.239498,33.239498,103164000
2015/12/10,33.279499,33.426498,32.978001,33.116001,33.116001,69110000
2015/12/11,32.561501,32.894001,31.981001,32.0075,32.0075,109488000
2015/12/14,32.087502,32.929501,31.7635,32.8955,32.8955,86594000
2015/12/15,33.251499,33.575001,32.8675,32.931999,32.931999,95068000
2015/12/16,33.178001,33.8675,32.966,33.788502,33.788502,79290000
2015/12/17,34,34.125,33.532501,33.532501,33.532501,73632000
2015/12/18,33.432499,33.841999,33.206501,33.207001,33.207001,136826000
2015/12/21,33.424999,33.494999,32.946499,33.225498,33.225498,65018000
2015/12/22,33.341499,33.4245,32.963001,33.157501,33.157501,53356000
2015/12/23,33.325001,33.330002,32.831501,33.185001,33.185001,54458000
2015/12/24,33.1675,33.234001,33.029999,33.1395,33.1395,21824000
2015/12/28,33.278,33.775002,33.275002,33.759998,33.759998,75672000
2015/12/29,33.898998,34.821999,33.894501,34.698502,34.698502,114700000
2015/12/30,34.594501,34.774502,34.319,34.453499,34.453499,70380000
2015/12/31,34.304001,34.387501,33.794498,33.794498,33.794498,74992000
2016/1/4,32.814499,32.886002,31.3755,31.849501,31.849501,186290000
2016/1/5,32.342999,32.345501,31.3825,31.689501,31.689501,116452000
2016/1/6,31.1,31.9895,31.015499,31.6325,31.6325,106584000
2016/1/7,31.09,31.5,30.2605,30.396999,30.396999,141498000
2016/1/8,30.983,31.207001,30.299999,30.352501,30.352501,110258000
2016/1/11,30.624001,30.9925,29.928499,30.886999,30.886999,97832000
2016/1/12,31.262501,31.2995,30.612,30.894501,30.894501,94482000
2016/1/13,31.044001,31.044001,28.958,29.0905,29.0905,153104000
2016/1/14,29.012501,30.112499,28.493999,29.65,29.65,144760000
2016/1/15,28.612,29.231001,28.264999,28.509001,28.509001,155690000
2016/1/19,28.8545,29.200001,28.3225,28.724001,28.724001,96144000
2016/1/20,28.218,28.922501,27.358999,28.588499,28.588499,159328000
2016/1/21,28.679001,29.4405,28.410999,28.750999,28.750999,99044000
2016/1/22,29.436501,30.004999,29.2055,29.819,29.819,102402000
2016/1/25,29.8995,30.424999,29.728001,29.8265,29.8265,87922000
2016/1/26,30.172501,30.225,29.518999,30.0625,30.0625,75314000
2016/1/27,30.099501,30.1695,28.938999,29.1675,29.1675,103058000
2016/1/28,30.418501,31.903,29.877501,31.7675,31.7675,280304000
2016/1/29,28.599001,29.65,28.5,29.35,29.35,293552000
2016/2/1,28.907499,29.09,28.515499,28.740499,28.740499,127102000
2016/2/2,28.5,28.577999,27.504499,27.605,27.605,126240000
2016/2/3,27.674999,27.799999,26.094999,26.553499,26.553499,200974000
2016/2/4,26.25,26.949499,25.961,26.813,26.813,123982000
2016/2/5,26.464001,26.4725,24.959499,25.106501,25.106501,194178000
2016/2/8,24.3235,24.674999,23.7605,24.405001,24.405001,196510000
2016/2/9,23.900499,24.919001,23.700001,24.1035,24.1035,141558000
2016/2/10,24.587999,25.233,24.299999,24.524,24.524,135724000
2016/2/11,24.5585,25.465,24.200001,25.191,25.191,147948000
2016/2/12,25.535,25.8375,25.074499,25.354,25.354,107696000
2016/2/16,25.974001,26.2225,25.583,26.055,26.055,102370000
2016/2/17,26.437,26.874001,25.9695,26.705,26.705,96480000
2016/2/18,27.0595,27.059999,26.186501,26.25,26.25,94700000
2016/2/19,26.0355,26.797501,25.7675,26.745001,26.745001,99494000
2016/2/22,27.110001,28.032499,27.054001,27.975,27.975,111332000
2016/2/23,27.7775,27.845501,27.2665,27.646999,27.646999,81016000
2016/2/24,27.2875,27.713499,26.657499,27.702,27.702,124634000
2016/2/25,27.775999,27.9695,27.2645,27.7575,27.7575,90510000
2016/2/26,28.006001,28.125,27.658501,27.761499,27.761499,97540000
2016/2/29,27.700001,28.240499,27.6255,27.625999,27.625999,82908000
2016/3/1,27.814501,28.9625,27.799999,28.952,28.952,100770000
2016/3/2,29.0875,29.25,28.684999,29.0105,29.0105,91644000
2016/3/3,28.898001,28.9935,28.6555,28.8745,28.8745,54826000
2016/3/4,29.053499,29.07,28.553499,28.757,28.757,68330000
2016/3/7,28.677,28.681499,27.7775,28.139999,28.139999,98538000
2016/3/8,27.893499,28.567499,27.737,28.013,28.013,94600000
2016/3/9,27.978001,28.0175,27.5065,27.973499,27.973499,87546000
2016/3/10,28.337,28.35,27.395,27.946501,27.946501,78398000
2016/3/11,28.3475,28.503,28.136499,28.480499,28.480499,75426000
2016/3/14,28.35,28.8445,28.1525,28.668501,28.668501,69084000
2016/3/15,28.549999,29.076,28.35,28.851,28.851,77536000
2016/3/16,28.832001,29.066,28.556999,28.713499,28.713499,70754000
2016/3/17,28.4755,28.57,27.7505,27.972,27.972,118562000
2016/3/18,28.047001,28.116501,27.304501,27.604,27.604,145938000
2016/3/21,27.445499,27.761999,26.929001,27.698999,27.698999,103114000
2016/3/22,27.255501,28.138,27.252501,28.024,28.024,80012000
2016/3/23,28.049999,28.624001,27.905001,28.481501,28.481501,79674000
2016/3/24,28.355499,29.1775,28.354,29.147499,29.147499,103710000
2016/3/28,29.219999,29.237499,28.778,28.9935,28.9935,62430000
2016/3/29,29.0075,29.7925,28.825001,29.693001,29.693001,87852000
2016/3/30,29.835501,30.162001,29.75,29.9345,29.9345,77810000
2016/3/31,29.964001,30.0375,29.6105,29.681999,29.681999,53636000
2016/4/1,29.5245,29.9515,29.415001,29.924999,29.924999,58348000
2016/4/4,29.950001,29.975,29.5275,29.6595,29.6595,49416000
2016/4/5,29.5385,29.6735,29.262501,29.306999,29.306999,46178000
2016/4/6,29.375999,30.119499,29.375,30.104,30.104,56998000
2016/4/7,29.938,29.98,29.454,29.571501,29.571501,63780000
2016/4/8,29.716,29.893,29.450001,29.73,29.73,51838000
2016/4/11,29.806999,30.200001,29.745501,29.796499,29.796499,54086000
2016/4/12,29.92,30.202999,29.615499,30.158501,30.158501,52822000
2016/4/13,30.384001,30.8405,30.2645,30.740999,30.740999,84566000
2016/4/14,30.7535,31.219,30.7535,31.0375,31.0375,70242000
2016/4/15,31.096001,31.338499,30.9055,31.2945,31.2945,57754000
2016/4/18,31.2675,31.882,31.247999,31.7675,31.7675,87218000
2016/4/19,31.857,31.900499,31.040001,31.395,31.395,81118000
2016/4/20,31.5,31.827499,31.15,31.6495,31.6495,52188000
2016/4/21,31.549999,31.891001,31.424999,31.549999,31.549999,51926000
2016/4/22,31.223499,31.4125,30.577999,31.025,31.025,101678000
2016/4/25,30.8305,31.349001,30.8125,31.309999,31.309999,53658000
2016/4/26,31.3085,31.3375,30.743999,30.844,30.844,50428000
2016/4/27,30.59,30.797501,30.063999,30.328501,30.328501,81376000
2016/4/28,30.777,31.34,29.959999,30.1,30.1,157452000
2016/4/29,33.299999,33.499001,32.700001,32.9795,32.9795,206214000
2016/5/2,33.195999,34.275002,33.101501,34.192501,34.192501,131570000
2016/5/3,33.868,34.014999,33.5215,33.566002,33.566002,98468000
2016/5/4,33.129501,33.700001,33.106998,33.544998,33.544998,92710000
2016/5/5,33.665501,33.824501,32.799999,32.954498,32.954498,97682000
2016/5/6,32.802502,33.8475,32.800499,33.697498,33.697498,87306000
2016/5/9,33.697498,34.348999,33.570499,33.987499,33.987499,79644000
2016/5/10,34.700001,35.227501,34.674999,35.1535,35.1535,122112000
2016/5/11,35.289501,35.950001,35.0825,35.661499,35.661499,146764000
2016/5/12,35.868999,36.122501,35.5755,35.8965,35.8965,100964000
2016/5/13,35.731998,35.962502,35.3255,35.495998,35.495998,95268000
2016/5/16,35.5065,35.662498,35.014,35.533001,35.533001,108658000
2016/5/17,35.494999,35.723499,34.695499,34.7635,34.7635,102428000
2016/5/18,34.478001,35.126999,34.438,34.872501,34.872501,85664000
2016/5/19,34.594002,34.970001,34.478001,34.925999,34.925999,60512000
2016/5/20,35.052502,35.362,35,35.139999,35.139999,58324000
2016/5/23,35.212502,35.299999,34.820999,34.837502,34.837502,51902000
2016/5/24,34.900501,35.375,34.900002,35.209999,35.209999,60676000
2016/5/25,35.400002,35.542999,35.276001,35.4175,35.4175,65354000
2016/5/26,35.4165,35.75,35.364498,35.745499,35.745499,48934000
2016/5/27,35.75,35.830002,35.555,35.612,35.612,44984000
2016/5/31,35.616501,36.211498,35.566002,36.1395,36.1395,72366000
2016/6/1,36.044998,36.321499,35.910999,35.972,35.972,65262000
2016/6/2,36.0485,36.414001,35.775002,36.411999,36.411999,60532000
2016/6/3,36.337002,36.349998,35.921501,36.277,36.277,67346000
2016/6/6,36.325001,36.575001,36.221001,36.336498,36.336498,54096000
2016/6/7,36.494499,36.5,36.0275,36.187,36.187,54650000
2016/6/8,36.32,36.471001,36.080002,36.332001,36.332001,44468000
2016/6/9,36.154999,36.445499,36.115002,36.3825,36.3825,43406000
2016/6/10,36.1175,36.249001,35.710499,35.8955,35.8955,68514000
2016/6/13,35.7005,36.099499,35.557999,35.762001,35.762001,67044000
2016/6/14,35.616501,36.040501,35.613499,35.965,35.965,50138000
2016/6/15,36.099998,36.127998,35.6675,35.713001,35.713001,54188000
2016/6/16,35.602501,35.900002,35.264999,35.8755,35.8755,61960000
2016/6/17,35.9095,35.91,34.959,35.3195,35.3195,117956000
2016/6/20,35.674999,36.065498,35.540501,35.7005,35.7005,73544000
2016/6/21,35.785999,35.919998,35.636002,35.791,35.791,42750000
2016/6/22,35.828999,35.849998,35.378502,35.529999,35.529999,45210000
2016/6/23,35.775002,36.105999,35.625,36.104,36.104,56500000
2016/6/24,34.650002,35.626499,34.610001,34.948002,34.948002,152650000
2016/6/27,34.600498,34.841,34.105999,34.568001,34.568001,111360000
2016/6/28,35,35.400002,34.908501,35.397499,35.397499,80740000
2016/6/29,35.787498,35.974998,35.676998,35.779999,35.779999,61402000
2016/6/30,35.860001,35.968498,35.626999,35.780998,35.780998,57102000
2016/7/1,35.866001,36.400002,35.827,36.284,36.284,58408000
2016/7/5,36.139999,36.478001,35.980499,36.404999,36.404999,48628000
2016/7/6,36.2855,36.8885,36.129002,36.880501,36.880501,78764000
2016/7/7,36.966499,36.977501,36.581501,36.828499,36.828499,58916000
2016/7/8,37.007,37.305,36.900002,37.290501,37.290501,68584000
2016/7/11,37.5,37.794998,37.349998,37.688999,37.688999,63906000
2016/7/12,37.842999,37.867001,37.016499,37.4105,37.4105,112474000
2016/7/13,37.338001,37.843498,37.0625,37.1315,37.1315,82846000
2016/7/14,37.443001,37.452,36.951,37.060001,37.060001,47810000
2016/7/15,37.327499,37.327499,36.702499,36.771999,36.771999,62428000
2016/7/18,36.774502,37.080002,36.436001,36.803501,36.803501,59098000
2016/7/19,36.625,37.1665,36.615501,36.997501,36.997501,44336000
2016/7/20,37.200001,37.3125,37.035,37.285999,37.285999,44280000
2016/7/21,37.375,37.467999,37.1395,37.2215,37.2215,46342000
2016/7/22,37.3895,37.563999,37.176498,37.243,37.243,45554000
2016/7/25,37.327499,37.424999,36.767502,36.980499,36.980499,53586000
2016/7/26,37.135502,37.156502,36.637501,36.779499,36.779499,50594000
2016/7/27,36.898499,37.047001,36.693001,36.8335,36.8335,58262000
2016/7/28,37.299,37.667999,36.985001,37.630501,37.630501,152352000
2016/7/29,38.25,38.299999,37.75,37.940498,37.940498,135542000
2016/8/1,37.9935,38.525002,37.853001,38.387001,38.387001,71564000
2016/8/2,38.190498,38.2505,37.851002,38.028999,38.028999,72066000
2016/8/3,37.853001,37.9445,37.612499,37.731998,37.731998,71630000
2016/8/4,37.685001,38.25,37.517502,38.038502,38.038502,63564000
2016/8/5,38.240501,38.4235,38.154499,38.299,38.299,54088000
2016/8/8,38.3405,38.349998,38.050999,38.327999,38.327999,39726000
2016/8/9,38.369499,38.630001,38.345001,38.415501,38.415501,37522000
2016/8/10,38.490002,38.605,38.309502,38.428001,38.428001,32086000
2016/8/11,38.497002,38.6875,38.456001,38.562,38.562,40394000
2016/8/12,38.423,38.657501,38.421001,38.627998,38.627998,31266000
2016/8/15,38.595001,38.602001,38.385502,38.4245,38.4245,42370000
2016/8/16,38.431,38.436501,38.191002,38.202,38.202,32092000
2016/8/17,38.220501,38.261002,37.959999,38.231499,38.231499,37822000
2016/8/18,38.200001,38.258499,38.029999,38.223,38.223,29176000
2016/8/19,38.095001,38.1245,37.844501,37.865501,37.865501,46864000
2016/8/22,37.875,37.9925,37.605,37.973999,37.973999,33586000
2016/8/23,38.165501,38.235001,38.049999,38.122501,38.122501,30482000
2016/8/24,38.150002,38.170502,37.768002,37.862499,37.862499,34882000
2016/8/25,37.799999,38.028,37.737,37.960999,37.960999,32460000
2016/8/26,38.002499,38.5,37.990002,38.450001,38.450001,55536000
2016/8/29,38.436001,38.749001,38.43,38.564499,38.564499,43972000
2016/8/30,38.552502,38.591999,38.278,38.379002,38.379002,34184000
2016/8/31,38.330002,38.481998,38.200001,38.458,38.458,32676000
2016/9/1,38.544998,38.602001,38.337502,38.530998,38.530998,35846000
2016/9/2,38.705502,38.799999,38.584999,38.622002,38.622002,43636000
2016/9/6,38.702,39.473999,38.511002,39.443501,39.443501,74396000
2016/9/7,39.476501,39.539501,39.216499,39.223999,39.223999,48492000
2016/9/8,39.1945,39.325001,39.071999,39.202999,39.202999,40610000
2016/9/9,38.967999,39.049999,38.005501,38.007,38.007,85146000
2016/9/12,37.8675,38.632999,37.799999,38.574501,38.574501,62494000
2016/9/13,38.438499,38.494499,37.952499,38.050499,38.050499,62344000
2016/9/14,38.110001,38.375,37.942501,38.054501,38.054501,50460000
2016/9/15,38.099998,38.543499,37.879002,38.484501,38.484501,60680000
2016/9/16,38.664001,39.022999,38.583,38.925999,38.925999,109984000
2016/9/19,38.998501,39.097,38.549999,38.755001,38.755001,45944000
2016/9/20,38.799999,39.068501,38.799999,39.011002,39.011002,38744000
2016/9/21,39.162498,39.5345,38.9505,39.487,39.487,54372000
2016/9/22,39.713501,40.294498,39.713501,40.235001,40.235001,81578000
2016/9/23,40.156502,40.387501,40.105999,40.287498,40.287498,47070000
2016/9/26,40.09,40.296501,39.857498,39.958,39.958,53028000
2016/9/27,40.092499,40.832001,40.0555,40.8055,40.8055,76392000
2016/9/28,40.900002,41.507,40.851501,41.436001,41.436001,88442000
2016/9/29,41.412998,41.875,41.231499,41.452499,41.452499,98444000
2016/9/30,41.630501,41.997501,41.619999,41.865501,41.865501,88612000
2016/10/3,41.799999,41.993,41.5625,41.837002,41.837002,55388000
2016/10/4,42.045502,42.1185,41.513,41.7015,41.7015,59006000
2016/10/5,41.900002,42.283501,41.806,42.217999,42.217999,69382000
2016/10/6,42.185001,42.3605,42.029999,42.083,42.083,53680000
2016/10/7,42.289501,42.297501,41.872501,41.9715,41.9715,48524000
2016/10/10,42.162498,42.259998,42.0135,42.085499,42.085499,36542000
2016/10/11,42.050999,42.064499,41.4175,41.549999,41.549999,71764000
2016/10/12,41.700001,41.883499,41.505001,41.704498,41.704498,47608000
2016/10/13,41.450001,41.59,41.060501,41.464001,41.464001,61828000
2016/10/14,41.754002,41.786999,41.147999,41.147999,41.147999,59996000
2016/10/17,41.075001,41.099998,40.584,40.647499,40.647499,67230000
2016/10/18,41.105499,41.162998,40.750999,40.8825,40.8825,50250000
2016/10/19,41.02,41.033501,40.758499,40.884499,40.884499,41814000
2016/10/20,40.699501,40.7855,40.154999,40.515999,40.515999,63040000
2016/10/21,40.467999,40.971001,40.450001,40.949501,40.949501,55860000
2016/10/24,41.247501,41.915001,41.1105,41.904499,41.904499,81218000
2016/10/25,41.965,42.154499,41.660999,41.758999,41.758999,64968000
2016/10/26,41.638,41.672001,41,41.129501,41.129501,79962000
2016/10/27,41.562,41.585999,40.7715,40.917999,40.917999,148128000
2016/10/28,39.099998,39.474499,38.730499,38.816002,38.816002,216822000
2016/10/31,39.051498,39.685001,39.005501,39.491001,39.491001,108266000
2016/11/1,39.950001,40.042,38.835499,39.2705,39.2705,106108000
2016/11/2,39.196499,39.237499,38.177502,38.278,38.278,100530000
2016/11/3,38.252499,38.849998,38.200001,38.351501,38.351501,77450000
2016/11/4,38.1395,38.299999,37.661499,37.752499,37.752499,102442000
2016/11/7,38.582001,39.386501,38.547001,39.246498,39.246498,119688000
2016/11/8,39.248501,39.587002,38.955002,39.387501,39.387501,68252000
2016/11/9,38.200001,38.875,38.004501,38.594002,38.594002,171258000
2016/11/10,38.940498,38.941502,35.884998,37.118999,37.118999,254940000
2016/11/11,36.786499,37.162998,36.445,36.9505,36.9505,132456000
2016/11/14,37.275501,37.299999,35.505001,35.953499,35.953499,146426000
2016/11/15,36.5,37.339001,36.2995,37.161999,37.161999,135116000
2016/11/16,36.993999,37.4935,36.780499,37.324501,37.324501,72976000
2016/11/17,37.466,37.875,37.400002,37.82,37.82,73802000
2016/11/18,38.049999,38.387001,37.882,38.007999,38.007999,87468000
2016/11/21,38.299999,39.017502,38.255501,39,39,92292000
2016/11/22,39.408501,39.619999,39.049999,39.266499,39.266499,106226000
2016/11/23,39.086498,39.087502,38.655998,39.006001,39.006001,70806000
2016/11/25,39.325001,39.337502,38.895,39.018501,39.018501,36742000
2016/11/28,38.849499,38.849998,38.212002,38.338501,38.338501,88776000
2016/11/29,38.400002,38.494499,38.066002,38.125999,38.125999,65446000
2016/11/30,38.099998,38.404499,37.512501,37.5285,37.5285,92518000
2016/12/1,37.620499,37.668499,36.901501,37.182499,37.182499,93320000
2016/12/2,37.169998,37.4245,36.834999,37.016998,37.016998,71226000
2016/12/5,37.25,38.074501,37.099998,37.967999,37.967999,86294000
2016/12/6,38.199501,38.411999,37.862499,38.236,38.236,75894000
2016/12/7,38.227501,38.521,37.791,38.521,38.521,73698000
2016/12/8,38.593498,38.689499,38.259499,38.366501,38.366501,63792000
2016/12/9,38.5,38.512501,38.266998,38.432999,38.432999,49418000
2016/12/12,38.32,38.344501,37.860001,38.006001,38.006001,59278000
2016/12/13,38.248001,39.123001,38.099998,38.716999,38.716999,105706000
2016/12/14,38.912498,39.042999,38.140499,38.441002,38.441002,109096000
2016/12/15,38.313999,38.455002,38.015499,38.049999,38.049999,76038000
2016/12/16,38.25,38.2565,37.700001,37.8885,37.8885,96964000
2016/12/19,37.9445,38.525002,37.807999,38.299999,38.299999,62264000
2016/12/20,38.432499,38.719501,38.385502,38.561001,38.561001,54072000
2016/12/21,38.5,38.561001,38.285,38.529999,38.529999,40892000
2016/12/22,38.405998,38.560501,38.151001,38.317001,38.317001,50872000
2016/12/23,38.227501,38.325001,37.899502,38.029499,38.029499,39632000
2016/12/27,38.169998,38.732498,38.060001,38.57,38.57,52774000
2016/12/28,38.8125,39,38.525002,38.606499,38.606499,66020000
2016/12/29,38.619999,38.669998,38.0425,38.2575,38.2575,63166000
2016/12/30,38.323502,38.369999,37.414001,37.4935,37.4935,82788000
2017/1/3,37.896,37.938,37.384998,37.683498,37.683498,70422000
2017/1/4,37.919498,37.984001,37.709999,37.859001,37.859001,50210000
2017/1/5,38.077499,39.119999,38.013,39.022499,39.022499,116602000
2017/1/6,39.118,39.972,38.924,39.7995,39.7995,119724000
2017/1/9,39.900002,40.088501,39.588501,39.846001,39.846001,68922000
2017/1/10,39.830002,39.900002,39.477001,39.794998,39.794998,51168000
2017/1/11,39.682999,39.974998,39.475498,39.951,39.951,59856000
2017/1/12,40.015499,40.706501,39.974998,40.681999,40.681999,97478000
2017/1/13,40.716,41.0825,40.57,40.856998,40.856998,75838000
2017/1/17,40.785,40.799999,40.172001,40.486,40.486,73410000
2017/1/18,40.474998,40.586498,40.213501,40.374001,40.374001,47084000
2017/1/19,40.5,40.675499,40.366001,40.452,40.452,50816000
2017/1/20,40.764,40.800999,40.313,40.4165,40.4165,67524000
2017/1/23,40.34,40.924999,40.254002,40.894001,40.894001,55950000
2017/1/24,41.099998,41.199501,40.724998,41.122002,41.122002,59434000
2017/1/25,41.289501,41.870998,41.2645,41.826,41.826,78452000
2017/1/26,41.776501,42.192001,41.650002,41.9575,41.9575,71726000
2017/1/27,41.950001,41.985001,41.472,41.788502,41.788502,59974000
2017/1/30,41.650002,41.674999,40.819,41.519001,41.519001,74946000
2017/1/31,41.1875,41.349499,40.978001,41.174,41.174,62744000
2017/2/1,41.460499,41.688999,41.247002,41.6175,41.6175,77004000
2017/2/2,41.829498,42.1245,41.412998,41.997501,41.997501,147010000
2017/2/3,40.335999,40.915001,40.200001,40.509998,40.509998,217376000
2017/2/6,40.490002,40.535999,40.150002,40.382,40.382,77946000
2017/2/7,40.4655,40.807999,40.375,40.625,40.625,69322000
2017/2/8,40.634499,41.074001,40.625,40.9855,40.9855,57160000
2017/2/9,41.080002,41.25,40.9855,41.068001,41.068001,49698000
2017/2/10,41.191002,41.400002,41.142502,41.373001,41.373001,48592000
2017/2/13,41.581001,42.150002,41.427502,41.8265,41.8265,83452000
2017/2/14,41.849998,41.915501,41.572498,41.8195,41.8195,55848000
2017/2/15,41.700001,42.140499,41.640999,42.134998,42.134998,59378000
2017/2/16,42.091999,42.25,41.969002,42.207001,42.207001,54294000
2017/2/17,42.099998,42.363499,42.036499,42.253502,42.253502,62246000
2017/2/21,42.442001,42.898998,42.362499,42.821999,42.821999,70154000
2017/2/22,42.8475,42.921501,42.609001,42.780499,42.780499,52340000
2017/2/23,42.878502,43.042999,42.400002,42.609501,42.609501,69240000
2017/2/24,42.234501,42.290501,41.887501,42.262001,42.262001,73760000
2017/2/27,42.118999,42.625,41.983501,42.431999,42.431999,54272000
2017/2/28,42.572498,42.704498,42.102501,42.251999,42.251999,55874000
2017/3/1,42.6525,42.741501,42.4505,42.653999,42.653999,55202000
2017/3/2,42.653999,42.741001,42.363998,42.445499,42.445499,42642000
2017/3/3,42.360001,42.599499,42.313499,42.493999,42.493999,38822000
2017/3/6,42.261501,42.4245,42.056,42.330502,42.330502,52208000
2017/3/7,42.273998,42.423,42.1875,42.300999,42.300999,44952000
2017/3/8,42.400002,42.6535,42.3395,42.525002,42.525002,45730000
2017/3/9,42.549999,42.82,42.515499,42.650002,42.650002,40964000
2017/3/10,42.849998,42.8675,42.585999,42.623001,42.623001,48728000
2017/3/13,42.588501,42.7845,42.585499,42.7295,42.7295,38194000
2017/3/14,42.677502,42.6875,42.377499,42.626499,42.626499,42612000
2017/3/15,42.716499,42.7225,42.355499,42.648499,42.648499,51244000
2017/3/16,42.764999,42.775002,42.525501,42.671001,42.671001,36846000
2017/3/17,42.6745,42.691502,42.532001,42.615501,42.615501,67688000
2017/3/20,42.5755,42.889999,42.550499,42.848499,42.848499,45654000
2017/3/21,42.942001,43.139999,42.065498,42.16,42.16,87658000
2017/3/22,42.0215,42.468498,41.952499,42.403,42.403,53174000
2017/3/23,42.41,42.544498,42.240002,42.368999,42.368999,39060000
2017/3/24,42.584,42.59,42.176498,42.280499,42.280499,42766000
2017/3/27,41.9035,42.514999,41.674999,42.341,42.341,55116000
2017/3/28,42.587502,42.923,42.505001,42.799999,42.799999,60832000
2017/3/29,42.952499,43.821999,42.951,43.716,43.716,89716000
2017/3/30,43.747501,43.853001,43.583,43.817001,43.817001,55254000
2017/3/31,43.849998,44.517502,43.8325,44.327,44.327,79152000
2017/4/3,44.400002,44.6745,44.271,44.5755,44.5755,68446000
2017/4/4,44.575001,45.426998,44.514,45.341499,45.341499,99694000
2017/4/5,45.541,46.186001,45.280998,45.464001,45.464001,150168000
2017/4/6,45.689999,45.859501,44.724499,44.914001,44.914001,126882000
2017/4/7,44.982498,45.004501,44.4655,44.743999,44.743999,74218000
2017/4/10,44.981499,45.425499,44.950001,45.352001,45.352001,63686000
2017/4/11,45.352001,45.562,44.875,45.118,45.118,60254000
2017/4/12,45.154499,45.204498,44.762501,44.811501,44.811501,49122000
2017/4/13,44.572498,44.748501,44.224499,44.233501,44.233501,63492000
2017/4/17,44.375,45.118999,44.375,45.099499,45.099499,57094000
2017/4/18,45.0495,45.480499,45.039001,45.188999,45.188999,59984000
2017/4/19,45.391998,45.525002,44.8685,44.959999,44.959999,57404000
2017/4/20,44.985001,45.265999,44.814499,45.103001,45.103001,56288000
2017/4/21,45.133499,45.182499,44.838501,44.926498,44.926498,48410000
2017/4/24,45.433998,45.4995,45.191002,45.370499,45.370499,62458000
2017/4/25,45.352001,45.473999,45.150002,45.381001,45.381001,67612000
2017/4/26,45.514999,45.787498,45.377998,45.4645,45.4645,52178000
2017/4/27,45.719501,46.092999,45.605499,45.918999,45.918999,106110000
2017/4/28,47.441502,47.4795,46.216499,46.2495,46.2495,147294000
2017/5/1,46.389999,47.720001,46.389999,47.411499,47.411499,109330000
2017/5/2,47.3325,47.505001,47.070499,47.347,47.347,76976000
2017/5/3,47.299999,47.299999,46.794998,47.051498,47.051498,71654000
2017/5/4,47.237499,47.25,46.710999,46.876499,46.876499,48368000
2017/5/5,47.026001,47.039501,46.514999,46.7075,46.7075,57328000
2017/5/8,47.047501,47.452499,46.960499,47.452,47.452,68314000
2017/5/9,47.639999,47.894501,47.509998,47.640999,47.640999,65242000
2017/5/10,47.674999,47.6875,47.25,47.447498,47.447498,41930000
2017/5/11,47.255501,47.5145,47.039001,47.381001,47.381001,43882000
2017/5/12,47.724998,48.1395,47.5765,48.067501,48.067501,72518000
2017/5/15,47.936501,48.157501,47.803001,47.898499,47.898499,85412000
2017/5/16,48.049999,48.502998,48.045502,48.303501,48.303501,62522000
2017/5/17,47.735001,48.02,47.206001,47.237999,47.237999,102912000
2017/5/18,47.240002,48.137501,47.237999,47.9245,47.9245,78786000
2017/5/19,48.141998,48.445999,47.986,47.992001,47.992001,79442000
2017/5/22,48.200001,48.569,48.145,48.533501,48.533501,52844000
2017/5/23,48.750999,48.759998,48.342499,48.577,48.577,48312000
2017/5/24,48.799999,49.049999,48.511501,49.017502,49.017502,48920000
2017/5/25,49.2425,49.950001,49.105499,49.668999,49.668999,96440000
2017/5/26,49.75,49.932499,49.462502,49.789001,49.789001,69384000
2017/5/30,49.8255,50.060001,49.776001,49.834999,49.834999,65262000
2017/5/31,50,50.006001,49.108002,49.730999,49.730999,78262000
2017/6/1,49.929501,49.949501,49.568501,49.797501,49.797501,49096000
2017/6/2,49.949501,50.424,49.783501,50.336498,50.336498,75046000
2017/6/5,50.3615,50.6605,50.175499,50.567001,50.567001,54398000
2017/6/6,50.599998,50.825001,50.0625,50.150002,50.150002,66928000
2017/6/7,50.297501,50.512501,50.099998,50.503502,50.503502,56460000
2017/6/8,50.603001,50.6805,50.3055,50.5135,50.5135,55358000
2017/6/9,50.625,50.649502,46.349998,48.915501,48.915501,152954000
2017/6/12,48.349998,48.797501,47.25,48.245499,48.245499,188944000
2017/6/13,48.899502,49.224998,48.305,49.039501,49.039501,91600000
2017/6/14,49.429501,49.516998,48.335499,48.823502,48.823502,79498000
2017/6/15,47.935001,48.286499,47.542999,48.2085,48.2085,107478000
2017/6/16,49.799999,49.987499,49.099998,49.385502,49.385502,229454000
2017/6/19,50.849998,50.849998,49.494999,49.758499,49.758499,100868000
2017/6/20,49.900002,50.243999,49.601002,49.629501,49.629501,81536000
2017/6/21,49.935001,50.136002,49.6325,50.1115,50.1115,58450000
2017/6/22,50.1115,50.348,49.860001,50.064999,50.064999,45068000
2017/6/23,50.126999,50.230999,49.901001,50.187,50.187,57582000
2017/6/26,50.424999,50.490002,49.599998,49.699001,49.699001,67724000
2017/6/27,49.5345,49.939999,48.799999,48.839001,48.839001,75648000
2017/6/28,48.927502,49.534,48.460499,49.516499,49.516499,74752000
2017/6/29,48.950001,49.377998,48.262501,48.796501,48.796501,86060000
2017/6/30,49.006001,49.1735,48.380501,48.400002,48.400002,67806000
2017/7/3,48.6395,48.724499,47.549999,47.682999,47.682999,58182000
2017/7/5,48.0765,48.75,47.762501,48.57,48.57,73060000
2017/7/6,48.233002,48.720001,47.951,48.257,48.257,65192000
2017/7/7,48.477501,49.005501,48.457001,48.938,48.938,52868000
2017/7/10,49.25,49.972,49.174999,49.823502,49.823502,70926000
2017/7/11,49.650002,49.7995,49.186001,49.706501,49.706501,59654000
2017/7/12,50.032501,50.427502,49.904999,50.3255,50.3255,72172000
2017/7/13,50.230999,50.344002,49.794998,50.031502,50.031502,57616000
2017/7/14,50.119999,50.2225,49.844501,50.0905,50.0905,42050000
2017/7/17,50.234501,50.737499,50.190498,50.501999,50.501999,74252000
2017/7/18,50.299999,51.301498,50.200001,51.2225,51.2225,80152000
2017/7/19,51.25,51.579498,51.125,51.343498,51.343498,59280000
2017/7/20,51.579498,51.748501,51.125999,51.435001,51.435001,61950000
2017/7/21,51.063999,51.305,50.549999,51.283501,51.283501,54692000
2017/7/24,51.417,52.150501,51.371498,51.947498,51.947498,65760000
2017/7/25,51.9025,52.1665,51.624001,51.9935,51.9935,48952000
2017/7/26,52.16,52.66,52.16,52.639999,52.639999,58426000
2017/7/27,53.477501,54.165501,52.008999,52.299999,52.299999,219834000
2017/7/28,50.606998,51.642502,50.049999,51.001999,51.001999,154188000
2017/7/31,50.952499,50.952499,49.351002,49.389,49.389,147042000
2017/8/1,49.8055,50.32,49.578999,49.809502,49.809502,91452000
2017/8/2,50.088501,50.1605,49.086498,49.794498,49.794498,81400000
2017/8/3,49.973499,49.974998,49.2295,49.346001,49.346001,65116000
2017/8/4,49.484001,49.5835,49.099998,49.379002,49.379002,54606000
2017/8/7,49.532501,49.75,49.356998,49.613499,49.613499,53532000
2017/8/8,49.717499,49.813999,49.289501,49.492001,49.492001,58056000
2017/8/9,49.130001,49.400002,48.7635,49.100498,49.100498,71394000
2017/8/10,48.814999,48.993,47.734001,47.846001,47.846001,113682000
2017/8/11,48,48.519501,47.569,48.399502,48.399502,69360000
2017/8/14,48.920502,49.275002,48.809502,49.165001,49.165001,63458000
2017/8/15,49.445,49.587002,49.099998,49.137001,49.137001,50986000
2017/8/16,49.0825,49.323002,48.660999,48.909,48.909,62642000
2017/8/17,48.891998,48.891998,48.015999,48.0285,48.0285,70248000
2017/8/18,48.07,48.2715,47.732498,47.9235,47.9235,65696000
2017/8/21,47.878502,48.060001,47.272999,47.664501,47.664501,63290000
2017/8/22,47.776001,48.3965,47.775002,48.345001,48.345001,55000000
2017/8/23,47.969002,48.099998,47.709999,47.900002,47.900002,53366000
2017/8/24,47.870998,47.950001,47.056999,47.622501,47.622501,103914000
2017/8/25,47.799999,47.881001,47.205002,47.263,47.263,66496000
2017/8/28,47.327,47.650002,47.112499,47.300999,47.300999,51934000
2017/8/29,47,47.799999,46.816502,47.702999,47.702999,57486000
2017/8/30,47.922001,48.470501,47.845501,48.379501,48.379501,58092000
2017/8/31,48.735001,49.049999,48.638,49.029999,49.029999,66630000
2017/9/1,49.209999,49.224998,48.844002,48.912498,48.912498,50718000
2017/9/5,48.77,48.838501,48.018501,48.2635,48.2635,57664000
2017/9/6,48.416,48.591999,48.029999,48.389999,48.389999,42598000
2017/9/7,48.700001,49.029499,48.627499,48.973499,48.973499,51336000
2017/9/8,48.955002,48.993999,48.1735,48.294998,48.294998,52106000
2017/9/11,48.723,49.097,48.710999,48.897999,48.897999,43734000
2017/9/12,49.163502,49.233501,48.776001,49.129002,49.129002,49622000
2017/9/13,49.198502,50,48.971001,49.98,49.98,67494000
2017/9/14,49.84,49.928001,49.387001,49.6105,49.6105,78266000
2017/9/15,49.650501,49.8125,49.2015,49.3395,49.3395,75204000
2017/9/18,49.52,49.6395,48.408501,48.709499,48.709499,68226000
2017/9/19,48.862499,48.911999,48.373001,48.493,48.493,53422000
2017/9/20,48.5895,48.740501,48.108002,48.6605,48.6605,57776000
2017/9/21,48.565498,48.584999,48.101002,48.232498,48.232498,46752000
2017/9/22,48.050499,48.280499,47.721001,47.755001,47.755001,52836000
2017/9/25,47.4655,47.471001,46.644501,46.989498,46.989498,102480000
2017/9/26,47.274502,47.431499,46.587502,46.93,46.93,71296000
2017/9/27,47.400002,47.764999,47.165001,47.543499,47.543499,62978000
2017/9/28,47.592999,47.985001,47.505001,47.82,47.82,50452000
2017/9/29,48.005501,48.241501,47.918999,48.067501,48.067501,50876000
2017/10/2,48.200001,48.365501,47.605999,47.959499,47.959499,48858000
2017/10/3,47.900002,48.184502,47.518501,47.855,47.855,53332000
2017/10/4,47.710499,48.3895,47.702499,48.272499,48.272499,50548000
2017/10/5,48.5,49.0755,48.481998,49.0425,49.0425,64584000
2017/10/6,48.782001,49.787498,48.782001,49.479,49.479,75642000
2017/10/9,49.661999,49.924999,49.375,49.5495,49.5495,58772000
2017/10/10,49.8335,49.897499,49.005001,49.360001,49.360001,61698000
2017/10/11,49.563499,49.775002,49.334999,49.75,49.75,46742000
2017/10/12,49.8405,50.422001,49.619999,50.046501,50.046501,81346000
2017/10/13,50.349998,50.3885,50.051498,50.146999,50.146999,48630000
2017/10/16,50.422001,50.4785,50.051998,50.317001,50.317001,40178000
2017/10/17,50.279499,50.573502,50.219002,50.456501,50.456501,46394000
2017/10/18,50.463501,51.115501,49.827499,49.849998,49.849998,49994000
2017/10/19,49.5,49.552502,49.012001,49.330502,49.330502,62164000
2017/10/20,49.676498,49.730999,49.099998,49.1455,49.1455,47302000
2017/10/23,49.336498,49.339001,48.125,48.314999,48.314999,69882000
2017/10/24,48.450001,48.9925,48.25,48.794998,48.794998,54478000
2017/10/25,48.900002,49.222,48.312,48.6455,48.6455,60662000
2017/10/26,49.016499,49.145,48.427502,48.621498,48.621498,112374000
2017/10/27,52.907001,55.278999,52.5275,55.047501,55.047501,331300000
2017/10/30,54.7505,56.1395,54.678001,55.5425,55.5425,132262000
2017/10/31,55.450001,55.527,55.056,55.264,55.264,69540000
2017/11/1,55.27,55.448502,54.837002,55.183998,55.183998,75110000
2017/11/2,54.890499,55.097,54.343498,54.710999,54.710999,73698000
2017/11/3,54.557499,55.633999,54.425999,55.580002,55.580002,75030000
2017/11/6,55.4575,56.2705,55.438499,56.033001,56.033001,67622000
2017/11/7,56.237,56.529999,55.875,56.158501,56.158501,53780000
2017/11/8,56.140999,56.777,55.955502,56.644001,56.644001,51630000
2017/11/9,56.298,56.480999,55.788502,56.456501,56.456501,74654000
2017/11/10,56.305,56.587502,56.202999,56.267502,56.267502,43598000
2017/11/13,56.150002,56.994999,56.117001,56.4585,56.4585,58368000
2017/11/14,56.505501,56.900002,56.1945,56.841999,56.841999,62768000
2017/11/15,56.350498,56.587502,56.081501,56.334499,56.334499,78574000
2017/11/16,56.507999,56.908001,56.502499,56.864498,56.864498,44266000
2017/11/17,56.914001,56.939999,56.290501,56.493999,56.493999,48268000
2017/11/20,56.488499,56.671001,56.127499,56.315498,56.315498,43278000
2017/11/21,56.643002,57,56.41,56.974499,56.974499,49588000
2017/11/22,57.049999,58.0135,57.049999,57.807999,57.807999,71106000
2017/11/24,58.035,59.341999,58.035,59.299999,59.299999,70560000
2017/11/27,60.132999,60.670502,59.557499,59.7915,59.7915,134880000
2017/11/28,60.243999,60.266998,59.425999,59.68,59.68,91188000
2017/11/29,59.740002,59.740002,57.259499,58.063499,58.063499,185150000
2017/11/30,58.355,58.928501,58,58.837502,58.837502,90184000
2017/12/1,58.602501,58.982498,57.599998,58.1175,58.1175,82142000
2017/12/4,58.692501,58.759998,56.400002,56.697498,56.697498,118638000
2017/12/5,56.412998,57.963501,56.237,57.078499,57.078499,81596000
2017/12/6,56.899502,57.794498,56.804001,57.6175,57.6175,57066000
2017/12/7,57.829498,58.1595,57.549999,57.989498,57.989498,50232000
2017/12/8,58.52,58.6395,57.855,58.099998,58.099998,61002000
2017/12/11,58.23,58.494999,57.849998,58.445999,58.445999,47270000
2017/12/12,58.3255,58.68,58.080502,58.254002,58.254002,44718000
2017/12/13,58.5,58.543499,58.0135,58.206501,58.206501,52336000
2017/12/14,58.185501,58.8965,58.122501,58.713001,58.713001,64286000
2017/12/15,58.9515,59.137501,58.466499,58.957001,58.957001,95572000
2017/12/18,59.3685,59.738998,59.045502,59.528999,59.528999,58952000
2017/12/19,59.4575,59.648499,58.957001,59.368999,59.368999,51756000
2017/12/20,59.525002,59.549999,58.799999,58.881001,58.881001,47424000
2017/12/21,58.794998,58.9585,58.382,58.737999,58.737999,42462000
2017/12/22,58.604,58.730999,58.391499,58.417999,58.417999,31702000
2017/12/26,58.417999,58.916,58.0275,58.838001,58.838001,40104000
2017/12/27,58.995499,59.364498,58.780499,59.112999,59.112999,37344000
2017/12/28,59.450001,59.505001,59.219002,59.305,59.305,36834000
2017/12/29,59.1175,59.200001,58.375,58.473499,58.473499,53768000
2018/1/2,58.599998,59.5,58.525501,59.4505,59.4505,53890000
2018/1/3,59.415001,60.274502,59.415001,60.209999,60.209999,62176000
2018/1/4,60.25,60.793499,60.233002,60.4795,60.4795,60442000
2018/1/5,60.8755,61.457001,60.5,61.457001,61.457001,70894000
2018/1/8,61.799999,62.653999,61.601501,62.343498,62.343498,85590000
2018/1/9,62.845001,62.966499,62.088001,62.634998,62.634998,73226000
2018/1/10,62.2575,62.716499,61.8615,62.716499,62.716499,53720000
2018/1/11,62.987,63.838501,62.823002,63.834,63.834,62500000
2018/1/12,63.669498,65.288002,63.669498,65.260002,65.260002,108874000
2018/1/16,66.150002,66.997002,64.614998,65.242996,65.242996,144414000
2018/1/17,65.612,65.699997,64.043999,64.75,64.75,105076000
2018/1/18,64.697502,65.230003,64.200996,64.666,64.666,80538000
2018/1/19,65.599998,65.650002,64.649498,64.728996,64.728996,91570000
2018/1/22,64.858498,66.372498,64.833,66.365501,66.365501,82802000
2018/1/23,66.904503,68.245003,66.866997,68.126999,68.126999,103386000
2018/1/24,68.740997,69.407997,66.900002,67.875504,67.875504,136150000
2018/1/25,68.400002,68.917,67.880997,68.897499,68.897499,95060000
2018/1/26,69.600502,70.126503,69.045502,70.102501,70.102501,97146000
2018/1/29,70.459,71.569504,70.022003,70.884003,70.884003,114038000
2018/1/30,70.158501,71.962502,69.599998,71.890999,71.890999,117438000
2018/1/31,72.565002,73.628998,72.501999,72.544502,72.544502,128494000
2018/2/1,72.25,72.994003,69.257004,69.5,69.5,182276000
2018/2/2,73.869499,74.900002,70.699997,71.497498,71.497498,222514000
2018/2/5,70.130997,72.948997,66.036003,69.5,69.5,229900000
2018/2/6,68.072998,72.199501,67.5895,72.141998,72.141998,221336000
2018/2/7,72.449997,73.0495,70.7575,70.838997,70.838997,143254000
2018/2/8,71.484001,71.6875,67.497002,67.525002,67.525002,171572000
2018/2/9,68.6745,69.175003,63.296501,66.980003,66.980003,282830000
2018/2/12,68.233498,69.690498,67.2005,69.311501,69.311501,134778000
2018/2/13,69.296501,70.986,69.176498,70.725502,70.725502,118358000
2018/2/14,70.3125,72.602997,70.167999,72.552498,72.552498,119184000
2018/2/15,73.344498,73.446999,71.842003,73.087997,73.087997,113054000
2018/2/16,72.8685,73.290001,72.328003,72.434502,72.434502,89452000
2018/2/20,72.324501,74.438499,72.324501,73.417503,73.417503,129984000
2018/2/21,74.25,75.1745,73.945999,74.146004,74.146004,126088000
2018/2/22,74.767998,75.126999,73.788002,74.266998,74.266998,97162000
2018/2/23,74.766998,75,74.324997,75,75,88362000
2018/2/26,75.459999,76.141998,75.349998,76.097504,76.097504,99100000
2018/2/27,76.224998,76.338997,75.360497,75.598999,75.598999,96176000
2018/2/28,75.975502,76.434998,75.599998,75.622498,75.622498,90300000
2018/3/1,75.68,75.9245,73.25,74.672501,74.672501,136704000
2018/3/2,73.455002,75.052498,72.750504,75.012497,75.012497,131752000
2018/3/5,74.711998,76.268997,74.050003,76.180496,76.180496,104678000
2018/3/6,76.660004,77.106499,76.400002,76.882004,76.882004,91234000
2018/3/7,76.325996,77.294998,76.125504,77.25,77.25,83482000
2018/3/8,77.5,77.744003,77.262497,77.593002,77.593002,77252000
2018/3/9,78.175003,78.946999,77.954002,78.944504,78.944504,90686000
2018/3/12,79.629997,80.266502,79.334999,79.919502,79.919502,103484000
2018/3/13,80.797997,80.876999,78.900497,79.408997,79.408997,130638000
2018/3/14,79.849998,80.321999,79.544502,79.550003,79.550003,85188000
2018/3/15,79.75,79.845497,78.905502,79.115997,79.115997,81394000
2018/3/16,79.172501,79.472,78.375,78.584,78.584,108500000
2018/3/19,77.726501,78.083,76.267502,77.246498,77.246498,131616000
2018/3/20,77.516998,79.349998,77.2705,79.3255,79.3255,91632000
2018/3/21,79.322502,79.5,78.158501,79.093002,79.093002,95016000
2018/3/22,78.273499,78.692497,77.120003,77.246002,77.246002,126412000
2018/3/23,76.9505,77.450996,74.767998,74.778,74.778,160120000
2018/3/26,76.5,77.849503,74.962502,77.792999,77.792999,112494000
2018/3/27,78.620003,78.7985,74.115997,74.852501,74.852501,139992000
2018/3/28,72.349998,72.794998,69.308502,71.570999,71.570999,274106000
2018/3/29,70.300003,72.773499,68.260002,72.366997,72.366997,251622000
2018/4/2,70.880997,71.068001,67.75,68.599503,68.599503,209272000
2018/4/3,69.569,70.699997,67.766502,69.602501,69.602501,204624000
2018/4/4,67.912003,70.769501,67.643997,70.528503,70.528503,139646000
2018/4/5,72.099503,72.977997,71.3535,72.587502,72.587502,128270000
2018/4/6,71.498497,72.625,70.013,70.261497,70.261497,117646000
2018/4/9,71.251503,71.924004,70.128502,70.304001,70.304001,84164000
2018/4/10,71.599503,71.918999,70.785004,71.810997,71.810997,85082000
2018/4/11,71.972,72.439003,71.244499,71.352501,71.352501,71650000
2018/4/12,71.974998,72.606003,71.752998,72.425003,72.425003,62700000
2018/4/13,72.457001,72.988998,71.225998,71.539497,71.539497,73706000
2018/4/16,72.25,72.349998,71.374001,72.074997,72.074997,56172000
2018/4/17,73.114998,75.359497,72.850998,75.191498,75.191498,102288000
2018/4/18,75.732498,76.690002,75.205498,76.391998,76.391998,104550000
2018/4/19,77.161003,78.426003,76.953003,77.845497,77.845497,130474000
2018/4/20,78.059998,78.059998,75.804497,76.374496,76.374496,110832000
2018/4/23,77.334503,77.400002,75.170502,75.892998,75.892998,89308000
2018/4/24,76.790001,76.974998,72.422501,73.004501,73.004501,149894000
2018/4/25,72.900002,73.499496,70.750999,73.008499,73.008499,131746000
2018/4/26,74.250504,76.471001,73.925003,75.898003,75.898003,176022000
2018/4/27,81.7005,81.904999,78.369499,78.630997,78.630997,261064000
2018/4/30,79.125,79.800003,78.046997,78.306503,78.306503,109282000
2018/5/1,78.161003,79.25,77.609001,79.112999,79.112999,91442000
2018/5/2,79.049004,79.425003,78.318001,78.484001,78.484001,87206000
2018/5/3,78.000504,78.739998,77.301003,78.603996,78.603996,85038000
2018/5/4,78.122498,79.245003,78.109497,79.047501,79.047501,68872000
2018/5/7,79.467003,80.347504,79.391502,80.007004,80.007004,76038000
2018/5/8,79.75,79.844002,79.125504,79.619499,79.619499,61358000
2018/5/9,80,80.400002,79.599998,80.400002,80.400002,72746000
2018/5/10,80.424004,80.779999,80.171997,80.454002,80.454002,56350000
2018/5/11,80.5495,80.555,79.894501,80.1455,80.1455,45278000
2018/5/14,80.199997,80.558998,80.002502,80.077003,80.077003,50190000
2018/5/15,79.389999,79.389999,78.261002,78.806,78.806,101550000
2018/5/16,78.875,79.721497,78.833504,79.363998,79.363998,51412000
2018/5/17,79.028,79.702003,78.650002,79.087997,79.087997,42952000
2018/5/18,79.066498,79.179497,78.605003,78.718498,78.718498,52852000
2018/5/21,79.25,79.602501,78.75,79.273003,79.273003,58504000
2018/5/22,79.494499,79.494499,78.762497,79.07,79.07,42312000
2018/5/23,78.552498,80.093002,78.317001,80.093002,80.093002,67238000
2018/5/24,79.901497,80.412003,79.418999,80.153503,80.153503,68600000
2018/5/25,80.150002,80.706001,80.022499,80.5075,80.5075,53968000
2018/5/29,80.0355,81.0895,80.0075,80.643501,80.643501,76930000
2018/5/30,80.904999,81.300003,80.6465,81.244499,81.244499,58148000
2018/5/31,81.150002,81.75,81.067497,81.481003,81.481003,63326000
2018/6/1,81.851501,82.336502,81.754501,82.077003,82.077003,66268000
2018/6/4,82.445,83.283997,82.274498,83.263496,83.263496,63754000
2018/6/5,83.649498,84.949997,83.502998,84.817497,84.817497,95644000
2018/6/6,85.225502,85.724998,84.323502,84.787498,84.787498,109464000
2018/6/7,84.928001,84.995003,83.805496,84.464996,84.464996,75314000
2018/6/8,84.056,84.472,83.650497,84.199501,84.199501,59102000
2018/6/11,84.0755,84.711998,84.029503,84.456001,84.456001,46710000
2018/6/12,84.650002,84.975502,84.575996,84.9375,84.9375,45184000
2018/6/13,85.140503,85.6875,85.005997,85.242996,85.242996,66550000
2018/6/14,85.674004,86.239998,85.443497,86.193001,86.193001,63488000
2018/6/15,85.699997,86.043503,85.426003,85.7985,85.7985,95552000
2018/6/18,85.313004,86.336998,85.127998,86.189499,86.189499,62154000
2018/6/19,85.452003,86.805496,85.019501,86.738998,86.738998,85802000
2018/6/20,87.125,88.1465,87.068001,87.503998,87.503998,86652000
2018/6/21,88,88.154999,85.877998,86.511002,86.511002,98822000
2018/6/22,87.130997,87.150002,85.595001,85.783501,85.783501,81502000
2018/6/25,85.125504,85.25,82.315498,83.157501,83.157501,150224000
2018/6/26,83.6185,85.078499,83.167,84.554497,84.554497,87732000
2018/6/27,85.405502,85.597504,83,83.025497,83.025497,97444000
2018/6/28,83.626999,85.275002,83.058502,85.072502,85.072502,90594000
2018/6/29,85.849998,86.170502,84.716003,84.989998,84.989998,90870000
2018/7/2,84.135002,85.694504,83.903,85.689003,85.689003,63714000
2018/7/3,86.197998,86.25,84.624001,84.697998,84.697998,43546000
2018/7/5,85.268997,85.5345,84.107498,84.986504,84.986504,59662000
2018/7/6,84.800003,85.763496,84.583504,85.531502,85.531502,53006000
2018/7/9,86.202499,86.977997,85.811501,86.950996,86.950996,60240000
2018/7/10,86.926498,87.5,86.550003,87.153503,87.153503,60058000
2018/7/11,86.899498,87.848,86.699997,87.75,87.75,64196000
2018/7/12,88.225502,89.900002,88.109001,89.831001,89.831001,90654000
2018/7/13,90.196503,90.764999,89.761497,90.651497,90.651497,87664000
2018/7/16,91.097504,92.097504,90.722504,91.124496,91.124496,109324000
2018/7/17,90.578003,92.584503,89.869003,92.196503,92.196503,113658000
2018/7/18,92.400002,92.944,91.563499,92.146004,92.146004,97238000
2018/7/19,91.473,92.050003,90.563499,90.648499,90.648499,93538000
2018/7/20,91.250504,91.741997,90.502998,90.684998,90.684998,77688000
2018/7/23,90.610497,90.949997,88.499496,90.099998,90.099998,77770000
2018/7/24,91.4505,92,90.469002,91.461998,91.461998,85574000
2018/7/25,91.464996,93.192001,91.132004,93.180496,93.180496,74764000
2018/7/26,91.949997,92.234001,90.224998,90.400002,90.400002,198488000
2018/7/27,93.802498,94.002502,90.3265,90.863503,90.863503,193620000
2018/7/30,91.366501,91.474998,88.301003,88.960999,88.960999,131246000
2018/7/31,89.324501,90.091499,86.966003,88.872002,88.872002,114774000
2018/8/1,89.199997,89.921997,88.801003,89.858498,89.858498,83062000
2018/8/2,89.438499,91.828003,89.300003,91.716499,91.716499,87094000
2018/8/3,91.887001,92.050003,91.074997,91.164497,91.164497,69210000
2018/8/6,91.290497,92.388496,90.945999,92.387497,92.387497,67836000
2018/8/7,92.726501,93.486,92.313499,93.124001,93.124001,67550000
2018/8/8,93.050003,94.5755,92.724998,94.325996,94.325996,79260000
2018/8/9,94.099998,95.7285,93.874001,94.926003,94.926003,97208000
2018/8/10,94.425499,94.974998,93.9105,94.315002,94.315002,72798000
2018/8/13,94.925003,96.25,94.683502,94.809998,94.809998,110630000
2018/8/14,95.969498,96.050499,95,95.982498,95.982498,79722000
2018/8/15,95.477501,95.810501,93.489502,94.130997,94.130997,154014000
2018/8/16,95.196999,95.25,94.177498,94.325996,94.325996,79142000
2018/8/17,94.290001,94.400002,92.777496,94.111,94.111,82086000
2018/8/20,94.528503,94.587502,93.303001,93.835503,93.835503,57240000
2018/8/21,94,94.887497,93.720497,94.170998,94.170998,62112000
2018/8/22,93.832001,95.290001,93.832001,95.245003,95.245003,61610000
2018/8/23,95.358498,95.974998,95.038002,95.144997,95.144997,71260000
2018/8/24,95.525497,95.800499,95.126999,95.269501,95.269501,56018000
2018/8/27,95.75,96.385002,95.463997,96.384003,96.384003,71380000
2018/8/28,96.886497,97.088997,96.441002,96.640999,96.640999,62014000
2018/8/29,97.672501,99.934502,97.446999,99.904999,99.904999,130636000
2018/8/30,99.871002,101.278503,99.345001,100.119003,100.119003,145546000
2018/8/31,100.349998,101.119003,100.237,100.635498,100.635498,84088000
2018/9/4,101.324997,102.525002,100.650002,101.975502,101.975502,114422000
2018/9/5,101.905502,102.018997,99.494499,99.740997,99.740997,164412000
2018/9/6,100.3255,100.375,96.760498,97.915497,97.915497,149774000
2018/9/7,96.935501,98.760002,96.8675,97.6035,97.6035,97852000
2018/9/10,98.550003,98.652,96.575996,96.9505,96.9505,90896000
2018/9/11,96.413498,99.444,95.849998,99.357498,99.357498,100672000
2018/9/12,99.699997,100,98.122002,99.5,99.5,88280000
2018/9/13,100,100.438004,99.101501,99.4935,99.4935,72430000
2018/9/14,99.6465,99.682503,97.960999,98.509499,98.509499,72840000
2018/9/17,97.736504,97.841003,94.370499,95.401497,95.401497,141004000
2018/9/18,95.932503,97.910004,95.772003,97.052498,97.052498,85374000
2018/9/19,97.025002,97.041496,95.245003,96.320999,96.320999,81136000
2018/9/20,96.929001,97.75,96.612503,97.214996,97.214996,63098000
2018/9/21,97.710999,97.865501,95.525002,95.750504,95.750504,137118000
2018/9/24,95.189499,96.844002,93.25,96.718002,96.718002,84274000
2018/9/25,97.144997,98.795502,96.942497,98.727501,98.727501,90768000
2018/9/26,98.425003,99.762497,98.075996,98.7425,98.7425,86270000
2018/9/27,99.662003,100.807999,99.429001,100.649002,100.649002,86588000
2018/9/28,100.220497,101.325996,99.822998,100.150002,100.150002,81702000
2018/10/1,101.099503,101.6595,100.18,100.218002,100.218002,69210000
2018/10/2,99.999496,100.669502,98.288498,98.565498,98.565498,108014000
2018/10/3,99.084999,99.485001,97.490501,97.638,97.638,105062000
2018/10/4,97.449997,97.800003,94.828499,95.471001,95.471001,145140000
2018/10/5,95.899498,96.454002,93.141502,94.482498,94.482498,136446000
2018/10/8,93.699997,95.099998,91.532997,93.221001,93.221001,147864000
2018/10/9,92.999496,94.834,92.615997,93.515999,93.515999,95458000
2018/10/10,92.894501,92.928001,87.720497,87.762497,87.762497,219778000
2018/10/11,86.199997,87.769997,84.254997,85.968002,85.968002,278718000
2018/10/12,90.400002,90.447502,87.126503,89.430496,89.430496,188892000
2018/10/15,89.75,89.752502,86.711502,88.047501,88.047501,128744000
2018/10/16,89.175003,91.194,88.077499,90.998001,90.998001,117198000
2018/10/17,92.139503,92.25,90.349998,91.586502,91.586502,105904000
2018/10/18,91.074501,91.5075,88.393501,88.536003,88.536003,117480000
2018/10/19,89.258003,90.455002,87.650002,88.2015,88.2015,118144000
2018/10/22,89.199997,90.474998,87.800003,89.464996,89.464996,90000000
2018/10/23,87.112,88.817001,85.699997,88.434998,88.434998,134478000
2018/10/24,88.684998,88.885498,82.828003,83.209999,83.209999,138568000
2018/10/25,85.167,89.740501,84.600502,89.108498,89.108498,205714000
2018/10/26,82.4795,84.922997,80.150002,82.140503,82.140503,299276000
2018/10/29,83,83.287003,74.75,76.944,76.944,277322000
2018/10/30,74.307999,77.0495,73.818001,76.521004,76.521004,249202000
2018/10/31,78.499496,81.195503,78.254501,79.900497,79.900497,187804000
2018/11/1,81.176498,83.522499,79.921997,83.276497,83.276497,162710000
2018/11/2,83.929497,84.872002,82.591499,83.276497,83.276497,139110000
2018/11/5,82.878502,82.904503,79.818001,81.389999,81.389999,112494000
2018/11/6,80.917503,83.25,80.727501,82.140503,82.140503,85148000
2018/11/7,83.650002,87.961502,83.204002,87.774498,87.774498,163844000
2018/11/8,87.75,89.199997,86.255501,87.745499,87.745499,130698000
2018/11/9,86.625,87.195999,85.093498,85.621498,85.621498,118044000
2018/11/12,84.912003,85.427498,81.500504,81.842499,81.842499,136124000
2018/11/13,82.4645,83.852997,80.6875,81.558502,81.558502,118666000
2018/11/14,82.816002,83.650002,79.8535,79.9505,79.9505,129738000
2018/11/15,79.050499,81.240997,77.3255,80.972,80.972,168546000
2018/11/16,79.375,80.723999,78.655998,79.670502,79.670502,121322000
2018/11/19,78.850502,79.059502,75.167999,75.614502,75.614502,155800000
2018/11/20,71.875,76.737503,71,74.773003,74.773003,217576000
2018/11/21,77.149498,77.5,75.75,75.836502,75.836502,114336000
2018/11/23,75.849998,76.809998,75.0905,75.102997,75.102997,54152000
2018/11/26,76.949997,79.240501,76.210999,79.066498,79.066498,125154000
2018/11/27,78.7995,79.8825,77.900497,79.070999,79.070999,115664000
2018/11/28,80.695999,84.072502,80.060997,83.887497,83.887497,169174000
2018/11/29,83.749496,84.499496,82.616501,83.678497,83.678497,132264000
2018/11/30,83.974998,84.800003,83.324997,84.508499,84.508499,115236000
2018/12/3,88.473,88.917,86.5,88.617996,88.617996,137246000
2018/12/4,87.800003,88.516998,83.25,83.419998,83.419998,173890000
2018/12/6,80.7435,85.052498,80.4925,84.959503,84.959503,175788000
2018/12/7,85.253502,85.946503,81.273003,81.456497,81.456497,151522000
2018/12/10,81.192001,82.899498,79.543503,82.051498,82.051498,149896000
2018/12/11,83.900002,83.973503,80.980003,82.162003,82.162003,124894000
2018/12/12,83.449997,85.249496,83.013496,83.177002,83.177002,131960000
2018/12/13,84,84.606003,82.074997,82.918999,82.918999,105426000
2018/12/14,81.900002,82.128502,79.25,79.595497,79.595497,127344000
2018/12/17,78.300003,78.806503,75.250504,76.045502,76.045502,176596000
2018/12/18,77,78.377502,76.150497,77.573997,77.573997,130460000
2018/12/19,77.152496,79.226501,74.158997,74.753998,74.753998,175844000
2018/12/20,74.199997,75.474998,71.634499,73.041496,73.041496,199836000
2018/12/21,73.249496,74,68.197998,68.872498,68.872498,272806000
2018/12/24,67.300003,69.801498,65.349998,67.197998,67.197998,144400000
2018/12/26,68.444504,73.657997,68.150497,73.544998,73.544998,208236000
2018/12/27,72.709999,73.449997,69.515503,73.082001,73.082001,194440000
2018/12/28,73.667503,75.6735,72.449997,73.901001,73.901001,176580000
2018/12/31,75.540001,76.038002,74.349998,75.098503,75.098503,139090000
2019/1/2,73.260002,77.667999,73.046501,76.956497,76.956497,159662000
2019/1/3,76.000504,76.900002,74.855499,75.014,75.014,139512000
2019/1/4,76.5,79.699997,75.915497,78.769501,78.769501,183652000
2019/1/7,80.115501,81.727997,79.459503,81.475502,81.475502,159864000
2019/1/8,83.234497,83.830498,80.830498,82.829002,82.829002,177628000
2019/1/9,82.649002,83.389999,82.07,82.971001,82.971001,126976000
2019/1/10,82.050499,83.162498,81.081001,82.810997,82.810997,130154000
2019/1/11,82.027496,83.014503,81.810997,82.028,82.028,93724000
2019/1/14,80.75,82.410004,79.7575,80.860497,80.860497,120118000
2019/1/15,81.599998,83.758003,81.300499,83.727997,83.727997,119970000
2019/1/16,84.210999,85.25,83.793999,84.189003,84.189003,127338000
2019/1/17,84,85.008499,83.875,84.661003,84.661003,84178000
2019/1/18,85.599998,85.809998,84.577003,84.809998,84.809998,120410000
2019/1/22,84.050003,84.093498,80.510002,81.608498,81.608498,128336000
2019/1/23,82.800003,82.871498,80.599998,82.000999,82.000999,104504000
2019/1/24,82.053497,82.862999,81.588997,82.746498,82.746498,81798000
2019/1/25,83.525002,84.174004,83.080498,83.528503,83.528503,98918000
2019/1/28,82.179497,82.25,80.704498,81.894501,81.894501,96754000
2019/1/29,81.563499,81.619003,79.536003,79.694,79.694,92656000
2019/1/30,81.150002,83.847504,80.984001,83.5215,83.5215,115676000
2019/1/31,84.642502,86.820503,83.954002,85.936501,85.936501,218206000
2019/2/1,81.944,83.653,81.100502,81.311501,81.311501,230124000
2019/2/4,81.150002,82.481499,80.675003,81.665497,81.665497,98582000
2019/2/5,82.167,83.263,82.125,82.940498,82.940498,89062000
2019/2/6,83.537498,83.612999,81.667,82.013,82.013,78798000
2019/2/7,81.25,81.277,79.6455,80.718498,80.718498,92532000
2019/2/8,79.300003,79.429497,78.337997,79.411003,79.411003,113150000
2019/2/11,80.049004,80.4645,79.300003,79.550003,79.550003,66346000
2019/2/12,80.199997,81.970001,79.944,81.900497,81.900497,97172000
2019/2/13,82.349998,82.819,81.855499,82,82,71206000
2019/2/14,81.224998,81.894997,80.303001,81.1325,81.1325,82410000
2019/2/15,81.392998,81.445503,80.224998,80.397499,80.397499,86878000
2019/2/19,80.050003,81.699997,80.028,81.378998,81.378998,73634000
2019/2/20,81.5,81.746498,80.505997,81.105003,81.105003,66752000
2019/2/21,80.9925,81.178001,80.045502,80.972,80.972,69668000
2019/2/22,81.175003,81.747002,81.058502,81.578003,81.578003,61924000
2019/2/25,82.072502,82.730003,81.519501,81.650002,81.650002,63690000
2019/2/26,81.299004,81.999496,80.806503,81.82,81.82,53316000
2019/2/27,81.408997,82.0905,80.754997,82.054497,82.054497,62976000
2019/2/28,81.762497,82.588501,81.691498,81.991501,81.991501,60518000
2019/3/1,82.7565,83.712997,82.550003,83.586502,83.586502,99498000
2019/3/4,84.25,85.471497,83.718002,84.808502,84.808502,123348000
2019/3/5,85.147499,85.389999,84.4505,84.621498,84.621498,73630000
2019/3/6,84.7985,84.887497,83.414001,83.447502,83.447502,79920000
2019/3/7,83.3685,83.487503,81.025497,81.297501,81.297501,99140000
2019/3/8,80.2005,81.136002,79.328499,81.040001,81.040001,93340000
2019/3/11,81.306,83.614502,81.300499,83.530998,83.530998,77528000
2019/3/12,83.449997,84.213501,83.049004,83.654999,83.654999,72290000
2019/3/13,84.150002,85,83.967499,84.540497,84.540497,71040000
2019/3/14,84.559998,85.099998,84.217003,84.310997,84.310997,58932000
2019/3/15,85.150002,85.940002,84.656502,85.617996,85.617996,151018000
2019/3/18,85.635002,87.5,85.6315,87.107498,87.107498,108582000
2019/3/19,87.675499,89.208,87.675499,88.092499,88.092499,127284000
2019/3/20,88.497002,89.974998,88.351501,89.863503,89.863503,125312000
2019/3/21,89.813004,91.1875,89.363998,90.962997,90.962997,115356000
2019/3/22,90.508499,90.948997,88.155502,88.238503,88.238503,127260000
2019/3/25,87.889503,89.134003,87.375,88.712997,88.712997,102076000
2019/3/26,89.650002,90.288498,88.667999,89.188004,89.188004,97318000
2019/3/27,89.206497,89.375,87.283997,88.285004,88.285004,86496000
2019/3/28,88.5,88.8965,87.6735,88.670998,88.670998,60860000
2019/3/29,89.329002,89.642998,88.831497,89.037498,89.037498,66416000
2019/4/1,90.005501,90.783501,89.936501,90.709503,90.709503,84776000
2019/4/2,90.551003,91,90.255997,90.698997,90.698997,68962000
2019/4/3,91.335999,91.5,90.481003,91.035004,91.035004,78522000
2019/4/4,91.032501,91.4375,90.209999,90.943001,90.943001,72478000
2019/4/5,91.449997,91.929001,91.259499,91.863998,91.863998,72810000
2019/4/8,91.661499,92.510002,91.255501,92.492996,92.492996,75056000
2019/4/9,92.274498,92.654503,91.588997,91.792,91.792,74288000
2019/4/10,92.050003,92.400002,91.440498,92.366501,92.366501,59280000
2019/4/11,92.434998,92.497498,92.015503,92.203499,92.203499,53096000
2019/4/12,92.419998,92.574997,92.065002,92.153,92.153,62288000
2019/4/15,92.099998,92.342499,90.945,92.2435,92.2435,74488000
2019/4/16,92.567497,93.488503,92.400002,93.152,93.152,60892000
2019/4/17,93.649498,93.823502,93.022003,93.240997,93.240997,57870000
2019/4/18,93.439499,93.541,92.973999,93.084503,93.084503,54998000
2019/4/22,92.769997,94.420998,92.281998,94.365501,94.365501,67476000
2019/4/23,94.559998,96.462997,94.478996,96.188499,96.188499,92808000
2019/4/24,96.25,96.484497,94.907997,95.087502,95.087502,73516000
2019/4/25,95.849998,96.122498,95.015503,95.112503,95.112503,121982000
2019/4/26,96.449997,97.550003,94.900002,97.531502,97.531502,168652000
2019/4/29,97.449997,97.817001,96.704498,96.921501,96.921501,80426000
2019/4/30,96.504997,96.7855,95.347504,96.325996,96.325996,70120000
2019/5/1,96.654503,97.181999,95.527496,95.575996,95.575996,62340000
2019/5/2,95.666496,96.077499,94.093498,95.041,95.041,79258000
2019/5/3,97.449997,98.220001,96.800003,98.123001,98.123001,127632000
2019/5/6,95.899002,97.949997,95.525002,97.527496,97.527496,108356000
2019/5/7,96.999496,97.455002,95.168999,96.050003,96.050003,118042000
2019/5/8,95.943497,96.768501,95.5,95.888496,95.888496,81572000
2019/5/9,95,95.470001,93.800003,94.9935,94.9935,106166000
2019/5/10,94.900002,95.189499,92.800003,94.499001,94.499001,114360000
2019/5/13,91.828003,92.327003,90.900002,91.134003,91.134003,115668000
2019/5/14,91.974998,92.622002,90.787498,92.005997,92.005997,92582000
2019/5/15,91.397499,93.721497,91.150002,93.557503,93.557503,93852000
2019/5/16,94.296997,95.875504,94.114502,95.378502,95.378502,94156000
2019/5/17,94.652496,95.526497,93.366501,93.449997,93.449997,94732000
2019/5/20,92.634499,93.389,91.777,92.948502,92.948502,75964000
2019/5/21,93.739502,93.949997,92.300003,92.875999,92.875999,80102000
2019/5/22,92.588997,93.574501,92.550003,92.984001,92.984001,58732000
2019/5/23,91.829498,92.199997,90.209999,90.774002,90.774002,88486000
2019/5/24,91.794502,92.087997,90.892502,91.164001,91.164001,67394000
2019/5/28,91.637497,92.463501,91.3675,91.821503,91.821503,64000000
2019/5/29,91.155998,91.5,90.376503,90.959503,90.959503,85580000
2019/5/30,91.274498,91.473503,90.391502,90.816002,90.816002,62938000
2019/5/31,89.500504,89.779503,88.635002,88.753502,88.753502,92376000
2019/6/3,88.000504,88.314499,83.599998,84.634499,84.634499,181974000
2019/6/4,84.961998,86.541,84.044502,86.477997,86.477997,113582000
2019/6/5,87.480003,87.599998,85.762497,86.925003,86.925003,84796000
2019/6/6,86.885498,88,86.306503,87.718002,87.718002,73786000
2019/6/7,88.184998,90.3125,87.974503,90.2015,90.2015,96164000
2019/6/10,91.099998,94.2435,90.900002,93.031502,93.031502,107420000
2019/6/11,94.162498,94.684998,92.900002,93.184998,93.184998,80854000
2019/6/12,92.698997,93.25,92.219002,92.765999,92.765999,53566000
2019/6/13,93.335999,94.154503,93.111,93.514999,93.514999,55916000
2019/6/14,93.199997,93.800003,92.949997,93.483498,93.483498,57024000
2019/6/17,93.824997,94.7845,93.772499,94.301498,94.301498,52686000
2019/6/18,95.067497,96.083504,94.989502,95.068497,95.068497,77914000
2019/6/19,95.391998,95.978996,94.623497,95.439499,95.439499,57906000
2019/6/20,96.666496,96.760002,95.290001,95.9095,95.9095,64344000
2019/6/21,95.805,96.297501,95.378998,95.565002,95.565002,78672000
2019/6/24,95.633003,95.843002,95.065002,95.695,95.695,45660000
2019/6/25,95.592003,95.819504,93.621002,93.913498,93.913498,60246000
2019/6/26,94.624001,95.190002,94.365997,94.891502,94.891502,48838000
2019/6/27,95.099998,95.561996,94.902,95.213997,95.213997,42834000
2019/6/28,95.455002,95.647003,94.199997,94.681503,94.681503,60748000
2019/7/1,96.149002,96.490997,95.733002,96.109497,96.109497,63842000
2019/7/2,95.969002,96.739502,95.331497,96.7155,96.7155,52918000
2019/7/3,96.794502,97.079498,96.525002,96.949997,96.949997,33806000
2019/7/5,96.43,97.294998,96.264999,97.1455,97.1455,52568000
2019/7/8,96.706001,97.800003,96.412498,97.615997,97.615997,57668000
2019/7/9,97.389999,99.500504,97.174004,99.415001,99.415001,86914000
2019/7/10,99.8255,101.247002,99.769997,100.870499,100.870499,98638000
2019/7/11,101.280998,101.790001,99.764999,100.053497,100.053497,86356000
2019/7/12,100.413498,100.849998,100.193497,100.550003,100.550003,50186000
2019/7/15,101.07,101.144997,100.077499,101.0495,101.0495,59626000
2019/7/16,100.528999,101.316002,100.060997,100.495003,100.495003,52364000
2019/7/17,100.352501,100.599998,99.601501,99.601501,99.601501,51176000
2019/7/18,99.000504,99.375,97.577499,98.894997,98.894997,69738000
2019/7/19,99.560501,99.800003,98.111504,98.225998,98.225998,63712000
2019/7/22,98.556999,99.449997,97.913002,99.281502,99.281502,58000000
2019/7/23,99.7995,99.889503,98.656502,99.724503,99.724503,54070000
2019/7/24,98.464996,100.065002,98.293503,100.040497,100.040497,52626000
2019/7/25,100.050003,100.059998,98.636002,98.691002,98.691002,82730000
2019/7/26,97.099998,97.544998,96.225502,97.152496,97.152496,98542000
2019/7/29,96.5,96.611504,94.527,95.622498,95.622498,89864000
2019/7/30,94.556,95.494499,94.174004,94.926498,94.926498,58218000
2019/7/31,94.905502,94.977501,92.472,93.338997,93.338997,89414000
2019/8/1,93.585999,94.896004,92.2005,92.765999,92.765999,94266000
2019/8/2,92.253502,92.318001,90.401001,91.162003,91.162003,99124000
2019/8/5,88.511002,89.433502,87.439003,88.2565,88.2565,121164000
2019/8/6,89.611504,89.688499,87.669998,89.391502,89.391502,101406000
2019/8/7,88.699501,89.946503,87.849998,89.669998,89.669998,90538000
2019/8/8,90.300003,91.712997,89.905502,91.644501,91.644501,74024000
2019/8/9,91.447502,91.554497,90.111,90.378998,90.378998,57596000
2019/8/12,89.7995,90.049004,88.849998,89.246002,89.246002,58110000
2019/8/13,89.150002,91.586998,89,91.217003,91.217003,79880000
2019/8/14,89.650497,89.782501,87.861,88.148003,88.148003,97872000
2019/8/15,89.099503,89.400002,88.098,88.806,88.806,75182000
2019/8/16,89.644501,90.1455,89.227501,89.628502,89.628502,60360000
2019/8/19,90.903999,91.300003,90.630501,90.806,90.806,56326000
2019/8/20,90.724998,90.841003,89.994003,90.069,90.069,38590000
2019/8/21,90.969498,91.478996,90.75,91.177002,91.177002,40636000
2019/8/22,91.400002,91.470497,90.004997,90.233002,90.233002,53070000
2019/8/23,89.651497,90.245003,87.261497,87.481003,87.481003,105416000
2019/8/26,88.345497,88.5,87.175499,88.443497,88.443497,61600000
2019/8/27,88.786499,88.970001,87.334,88.091499,88.091499,60394000
2019/8/28,87.75,88.392998,87.202499,88.212502,88.212502,48394000
2019/8/29,89.150002,89.927498,88.862503,89.32,89.32,60302000
2019/8/30,89.874496,89.987,88.2285,88.814499,88.814499,61174000
2019/9/3,88.5,90.040001,88.400002,89.491997,89.491997,70860000
2019/9/4,90.25,90.3815,89.811501,90.030998,90.030998,46482000
2019/9/5,91.097504,92.099998,90.778999,92.036003,92.036003,66216000
2019/9/6,91.911003,92.032501,91.32,91.675499,91.675499,49938000
2019/9/9,92.050003,92.5,91.230499,91.567497,91.567497,59990000
2019/9/10,91.137497,91.290497,90.266998,91.027496,91.027496,52278000
2019/9/11,90.607002,91.670998,90.454002,91.149498,91.149498,48656000
2019/9/12,91.8815,92.682999,91.713997,92.177498,92.177498,56470000
2019/9/13,92.100502,92.306,91.758499,91.967003,91.967003,39426000
2019/9/16,91.200996,91.2845,90.010002,90.391998,90.391998,73510000
2019/9/17,90.353996,91.199501,90.205002,91.127502,91.127502,39648000
2019/9/18,90.851997,91.102997,89.775002,90.873001,90.873001,50112000
2019/9/19,91.051003,91.628502,90.894997,91.074997,91.074997,40630000
2019/9/20,91.085503,91.531502,89.045998,89.708,89.708,106838000
2019/9/23,88.849998,89.635002,88.365997,89.264999,89.264999,58446000
2019/9/24,89.530502,89.7855,86.777496,87.080498,87.080498,92320000
2019/9/25,87.367996,88.650002,86.150002,88.416496,88.416496,69864000
2019/9/26,88.139503,88.168503,86.574997,86.991997,86.991997,70736000
2019/9/27,87.400002,87.456001,85.691002,86.272499,86.272499,78144000
2019/9/30,86.349503,86.873001,85.460999,86.795502,86.795502,52894000
2019/10/1,87.300003,87.779999,86.420502,86.782501,86.782501,61690000
2019/10/2,86.387001,86.444504,85.25,85.661499,85.661499,66022000
2019/10/3,85.650002,86.25,84.252998,86.221001,86.221001,69364000
2019/10/4,86.301003,87.028999,85.961502,86.982498,86.982498,49438000
2019/10/7,86.581497,87.391502,86.184998,86.633003,86.633003,43094000
2019/10/8,86.124496,86.349998,85.25,85.275497,85.275497,50840000
2019/10/9,85.980499,86.497498,85.718002,86.099503,86.099503,40870000
2019/10/10,86.262001,86.914497,85.6875,86.013,86.013,51504000
2019/10/11,87.146004,87.272499,86.492996,86.596001,86.596001,65100000
2019/10/14,86.445503,87.094498,86.099998,86.821503,86.821503,38204000
2019/10/15,87.107002,88.822502,87.030998,88.369003,88.369003,62234000
2019/10/16,88.666496,89.311996,88.526001,88.871498,88.871498,55268000
2019/10/17,89.824501,89.942497,89.100998,89.374001,89.374001,52948000
2019/10/18,89.389999,89.698997,87.459999,87.875504,87.875504,67250000
2019/10/21,88.483002,89.293999,88.25,89.282997,89.282997,42608000
2019/10/22,89.407501,89.488998,88.099998,88.286499,88.286499,42234000
2019/10/23,88.065002,88.502502,87.099998,88.108498,88.108498,42764000
2019/10/24,88.554497,89.417,88.013496,89.039001,89.039001,88922000
2019/10/25,84.877502,88.210503,84.75,88.066498,88.066498,192528000
2019/10/28,87.403,88.934998,87.125,88.853996,88.853996,74178000
2019/10/29,88.740501,88.849998,87.790497,88.135498,88.135498,45538000
2019/10/30,88.012001,89.119003,87.956001,88.999496,88.999496,48988000
2019/10/31,88.7995,89.599998,88.573997,88.833,88.833,55624000
2019/11/1,89.400497,89.872498,89.260498,89.571999,89.571999,55808000
2019/11/4,90.050499,90.752998,90.050499,90.233002,90.233002,55438000
2019/11/5,90.458,90.512497,89.699997,90.085503,90.085503,37710000
2019/11/6,90.050003,90.125,89.429001,89.788498,89.788498,40596000
2019/11/7,90.188004,90.294998,89.174004,89.410004,89.410004,53022000
2019/11/8,89.394501,89.494003,88.702003,89.293999,89.293999,42466000
2019/11/11,88.900002,89,88.356499,88.582497,88.582497,38920000
2019/11/12,88.733002,89.310997,88.595497,88.900002,88.900002,40752000
2019/11/13,88.669502,88.75,87.365997,87.655502,87.655502,59790000
2019/11/14,87.571503,88.329498,87.477997,87.730003,87.730003,45296000
2019/11/15,88.002502,88.084,86.642998,86.974503,86.974503,78552000
2019/11/18,86.915001,87.684998,86.135498,87.626503,87.626503,56790000
2019/11/19,87.849503,88.033997,87.151497,87.639503,87.639503,45416000
2019/11/20,87.457001,88.125999,86.706001,87.276497,87.276497,55800000
2019/11/21,87.150002,87.343498,86.517998,86.735497,86.735497,53258000
2019/11/22,86.950996,87.321503,86.550003,87.286003,87.286003,49582000
2019/11/25,87.662498,88.871002,87.662003,88.692001,88.692001,69724000
2019/11/26,88.996002,89.851501,88.917503,89.847,89.847,63624000
2019/11/27,90.050003,91.224998,89.865501,90.925499,90.925499,60512000
2019/11/29,90.889,91.234497,90.039497,90.040001,90.040001,38468000
2019/12/2,90.220001,90.277496,88.134003,89.080002,89.080002,78512000
2019/12/3,88,88.643501,87.361504,88.498001,88.498001,67618000
2019/12/4,88.7005,89.454498,88.011002,88.0345,88.0345,53402000
2019/12/5,88.175003,88.175003,87,87.024002,87.024002,56476000
2019/12/6,87.559998,87.720001,87.0065,87.580002,87.580002,62348000
2019/12/9,87.532997,88.344498,87.280502,87.475502,87.475502,48856000
2019/12/10,87.370003,87.533501,86.75,86.960503,86.960503,50286000
2019/12/11,87.083504,87.5,86.7855,87.435997,87.435997,41952000
2019/12/12,87.5,88.199997,87.272003,88.016502,88.016502,61918000
2019/12/13,88.25,88.449501,87.75,88.046997,88.046997,54914000
2019/12/16,88.349998,88.474998,87.852501,88.460503,88.460503,62904000
2019/12/17,88.900497,89.599998,88.869499,89.532997,89.532997,72888000
2019/12/18,89.750999,89.910004,89.117996,89.2015,89.2015,67028000
2019/12/19,89.025002,89.649498,88.703003,89.613998,89.613998,53056000
2019/12/20,89.981003,90.148499,89.122498,89.324997,89.324997,103016000
2019/12/23,89.413002,89.650002,89.225502,89.650002,89.650002,42728000
2019/12/24,89.690498,89.778503,89.378998,89.460503,89.460503,17626000
2019/12/26,90.050499,93.523003,89.974998,93.438499,93.438499,120108000
2019/12/27,94.146004,95.07,93.300499,93.489998,93.489998,123732000
2019/12/30,93.699997,94.199997,92.030998,92.344498,92.344498,73494000
2019/12/31,92.099998,92.663002,91.611504,92.391998,92.391998,50130000
2020/1/2,93.75,94.900497,93.207497,94.900497,94.900497,80580000
2020/1/3,93.224998,94.309998,93.224998,93.748497,93.748497,75288000
2020/1/6,93,95.184502,93,95.143997,95.143997,81236000
2020/1/7,95.224998,95.694504,94.601997,95.343002,95.343002,80898000
2020/1/8,94.902,95.550003,94.321999,94.598503,94.598503,70160000
2020/1/9,95.494499,95.890999,94.790001,95.052498,95.052498,63346000
2020/1/10,95.268501,95.347,94,94.157997,94.157997,57074000
2020/1/13,94.565498,94.900002,94.040001,94.565002,94.565002,55616000
2020/1/14,94.293999,94.355499,92.927498,93.472,93.472,68818000
2020/1/15,93.612503,93.943001,92.754501,93.100998,93.100998,57932000
2020/1/16,94.149498,94.279503,93.301003,93.897003,93.897003,53190000
2020/1/17,94.294502,94.332001,92.862503,93.236,93.236,79946000
2020/1/21,93.25,94.713501,93,94.599998,94.599998,74156000
2020/1/22,94.804497,95.125,94.167,94.373001,94.373001,64326000
2020/1/23,94.255501,94.499001,93.638,94.228996,94.228996,49692000
2020/1/24,94.568497,94.749496,92.372002,93.082001,93.082001,75324000
2020/1/27,91,92.050003,90.766998,91.417,91.417,70570000
2020/1/28,92.025002,92.905502,91.500999,92.662498,92.662498,56160000
2020/1/29,93.199997,93.737503,92.750999,92.900002,92.900002,41760000
2020/1/30,92.900002,93.643501,92.530502,93.533997,93.533997,126548000
2020/1/31,102.573502,102.786003,100.113503,100.435997,100.435997,311346000
2020/2/3,100.529999,102.425003,100.012497,100.209999,100.209999,117834000
2020/2/4,101.494003,102.989998,100.768501,102.483498,102.483498,105786000
2020/2/5,103.551003,103.551003,101.599998,101.9935,101.9935,87524000
2020/2/6,102.051003,102.815002,101.239998,102.511497,102.511497,63660000
2020/2/7,102.099503,104.926498,101.904999,103.963997,103.963997,101906000
2020/2/10,104.250504,106.779999,104.248001,106.695503,106.695503,101124000
2020/2/11,107.544998,109.297501,106.800003,107.540001,107.540001,114920000
2020/2/12,108.160004,109.012497,107.764503,108,108,66686000
2020/2/13,107.249496,108.514,107.099998,107.4935,107.4935,60636000
2020/2/14,107.783997,107.952003,106.294502,106.7435,106.7435,52124000
2020/2/18,106.250999,108.303497,106.205498,107.783501,107.783501,58912000
2020/2/19,108.389999,109.254997,108.056,108.511002,108.511002,51224000
2020/2/20,108.653503,108.8395,106.372498,107.654999,107.654999,62626000
2020/2/21,107.107498,107.227501,104.400002,104.7985,104.7985,92926000
2020/2/24,100.158997,101.964996,99.398499,100.4645,100.4645,130940000
2020/2/25,101.320999,101.730003,97.920998,98.637001,98.637001,124382000
2020/2/26,98.514,100.733498,98.022499,98.9795,98.9795,104492000
2020/2/27,96.719002,98.75,94.138,94.214996,94.214996,162880000
2020/2/28,90.731499,94.487999,90.556503,94.1875,94.1875,189620000
2020/3/2,95.324501,97.725502,93.5,97.697502,97.697502,135234000
2020/3/3,98.768501,99.816498,94.404503,95.449501,95.449501,150690000
2020/3/4,97.328499,98.900002,96.099998,98.791496,98.791496,95458000
2020/3/5,96.650002,98.036003,95.5,96.2015,96.2015,94964000
2020/3/6,93.75,95.543503,93.474998,95.054497,95.054497,105472000
2020/3/9,88.693001,93.138496,88.064499,90.030502,90.030502,156264000
2020/3/10,93.543999,94.713501,90.908501,94.591003,94.591003,142666000
2020/3/11,92.892502,93.566002,90.074997,91.042999,91.042999,112496000
2020/3/12,86.098999,88.25,83.75,83.830498,83.830498,226924000
2020/3/13,87.75,89.315498,84.030998,89.25,89.25,176194000
2020/3/16,82.0755,87.972504,81.301498,84.457497,84.457497,178346000
2020/3/17,88.773499,92.889,84.461998,90.391998,90.391998,218342000
2020/3/18,87.5,92.083,87.25,91.5,91.5,192904000
2020/3/19,93,97.25,91.6325,94.046501,94.046501,207998000
2020/3/20,96.315498,97.849998,91.036499,92.304497,92.304497,196358000
2020/3/23,91.387497,95.970001,90.599998,95.141502,95.141502,156170000
2020/3/24,97.574997,97.75,95.016998,97.004997,97.004997,142942000
2020/3/25,96.0345,97.513,94.289001,94.292,94.292,129582000
2020/3/26,95.099998,97.824501,94.4645,97.774498,97.774498,124426000
2020/3/27,96.542999,96.989502,94.996002,95.004997,95.004997,107758000
2020/3/30,96.141502,98.681503,95.616997,98.197502,98.197502,122522000
2020/3/31,98.217499,99.651001,97.2005,97.486,97.486,102472000
2020/4/1,96.648499,97.248001,94.650002,95.385002,95.385002,82438000
2020/4/2,95.082001,96.376503,94.5,95.941498,95.941498,86720000
2020/4/3,95.557503,96.316498,94.457497,95.329498,95.329498,72198000
2020/4/6,96.800003,99.926003,96.500999,99.879501,99.879501,115464000
2020/4/7,100.855499,101.786003,99.880997,100.580002,100.580002,102280000
2020/4/8,101.050003,102.199997,100.557503,102.150002,102.150002,79546000
2020/4/9,102.214996,102.650002,100.883003,102.138,102.138,92930000
2020/4/13,102,109,101.900002,108.443497,108.443497,134334000
2020/4/14,110.023499,114.599998,109.310501,114.166,114.166,161744000
2020/4/15,112.884003,116.668503,112.25,115.384003,115.384003,137332000
2020/4/16,117.300003,123.050003,116.75,120.4095,120.4095,240764000
2020/4/17,118.616501,120,115.801003,118.75,118.75,158600000
2020/4/20,119.497498,122.249001,119.302498,119.680496,119.680496,115414000
2020/4/21,120.830498,121.415497,113.983002,116.405998,116.405998,149534000
2020/4/22,118.449997,119.699997,117.550003,118.1745,118.1745,84244000
2020/4/23,119.999001,121.210999,119.103996,119.972504,119.972504,101332000
2020/4/24,120.849998,121.0215,119.099998,120.511002,120.511002,76498000
2020/4/27,122.160004,122.244003,118.150002,118.800003,118.800003,112912000
2020/4/28,118.605003,118.675003,115.300003,115.704002,115.704002,105388000
2020/4/29,116.500504,119.594498,115.5,118.635498,118.635498,91832000
2020/4/30,120.991997,123.75,119.800499,123.699997,123.699997,190692000
2020/5/1,116.839996,118.122002,112.9095,114.302002,114.302002,195452000
2020/5/4,112.819,116.348999,112.819,115.7995,115.7995,97318000
2020/5/5,117,117.550003,115.356499,115.889999,115.889999,64850000
2020/5/6,116.472,117.872498,116,117.563004,117.563004,62356000
2020/5/7,118.738998,118.800003,117.155502,118.380501,118.380501,67928000
2020/5/8,118.607002,119.362,117.849998,118.980499,118.980499,64132000
2020/5/11,118.735001,120.983498,118.605499,120.449997,120.449997,65184000
2020/5/12,120.592499,120.949997,117.75,117.847504,117.847504,61498000
2020/5/13,118.339996,120.385002,116.889999,118.396004,118.396004,95658000
2020/5/14,118.050499,119.568497,117.6605,119.442497,119.442497,72962000
2020/5/15,118.426003,120.550003,117.818497,120.488998,120.488998,84700000
2020/5/18,120.217499,121.650002,119.2005,121.313004,121.313004,87144000
2020/5/19,121.491501,124.25,121.448502,122.466499,122.466499,86410000
2020/5/20,123.893501,125.000504,123.363503,124.897003,124.897003,79962000
2020/5/21,125,126.272499,122.126999,122.336998,122.336998,102288000
2020/5/22,122.750504,123.4925,121.5065,121.844002,121.844002,57342000
2020/5/26,122.900002,123.099998,120.703003,121.093002,121.093002,71364000
2020/5/27,120.249496,120.679001,116.5,120.519501,120.519501,101138000
2020/5/28,119.216499,121.848503,118.911499,120.055,120.055,63804000
2020/5/29,120.796997,122.1185,119.910004,122.1185,122.1185,70198000
2020/6/1,122.400002,123.846497,122.208504,123.552002,123.552002,58578000
2020/6/2,123.349998,123.676498,122.265503,123.620499,123.620499,50598000
2020/6/3,123.400497,124.400002,123.058502,123.919998,123.919998,53420000
2020/6/4,123.871498,125.376999,122.500504,123.029999,123.029999,58974000
2020/6/5,122.225502,124.432503,121.856499,124.150002,124.150002,66128000
2020/6/8,125.010002,126.5,124.366997,126.203003,126.203003,79414000
2020/6/9,126.472,131.321503,126.25,130.042999,130.042999,103520000
2020/6/10,132.25,136.117493,131.313004,132.372498,132.372498,98920000
2020/6/11,130.175003,133.569,126.811501,127.898003,127.898003,116002000
2020/6/12,130.060501,131.074005,125.167503,127.250999,127.250999,108722000
2020/6/15,126.330002,129.199997,125.400002,128.634003,128.634003,77302000
2020/6/16,131,131,128.800003,130.763504,130.763504,71712000
2020/6/17,132.375,132.75,131.591003,132.048996,132.048996,59186000
2020/6/18,132.350494,132.981995,131.805496,132.699005,132.699005,49756000
2020/6/19,133.904007,134.871506,132.949997,133.750504,133.750504,115540000
2020/6/22,134.225006,135.75,133.449997,135.690994,135.690994,64176000
2020/6/23,136.300995,139.155502,135.901993,138.220505,138.220505,84634000
2020/6/24,139,139.800003,136.050003,136.720001,136.720001,90532000
2020/6/25,136.977493,137.811493,135.606995,137.729004,137.729004,59374000
2020/6/26,138.753006,139.128494,134.399994,134.643494,134.643494,130016000
2020/6/29,134.500504,134.839996,131.503998,134.018997,134.018997,84468000
2020/6/30,134.253494,138.481506,133.751495,137.940994,137.940994,75394000
2020/7/1,137.899506,144.75,137.699997,143.934998,143.934998,127268000
2020/7/2,145.600494,147.778,143.554993,144.514999,144.514999,131868000
2020/7/6,146.748505,152.994003,146.5,152.852005,152.852005,137612000
2020/7/7,152.927505,153.477493,149.5,150.005997,150.005997,105150000
2020/7/8,151.130493,154.198502,150.621506,154.055496,154.055496,100752000
2020/7/9,155.7995,159.694,153.699997,159.1315,159.1315,127774000
2020/7/10,159.587997,160.75,156.785004,160,160,109720000
2020/7/13,162.552994,167.214493,153.419495,155.199997,155.199997,154408000
2020/7/14,154.449997,156.369003,147.5,154.199997,154.199997,144638000
2020/7/15,154.011505,154.917496,148.658997,150.443497,150.443497,115778000
2020/7/16,148.552994,151.600006,145.911499,149.994995,149.994995,127884000
2020/7/17,150.449997,151.199997,147.422501,148.098495,148.098495,95226000
2020/7/20,150.009995,160.067993,149.701004,159.841995,159.841995,151964000
2020/7/21,161.624496,162.029007,155.285995,156.914505,156.914505,122426000
2020/7/22,156.25,157.5,153.263,154.995499,154.995499,82084000
2020/7/23,154.913498,154.913498,148.5,149.327499,149.327499,113138000
2020/7/24,146.5,151.578995,144.399994,150.445496,150.445496,112648000
2020/7/27,153.100006,154.899994,150.788498,152.760498,152.760498,83410000
2020/7/28,152.713501,153.854507,149.787994,150.016495,150.016495,62534000
2020/7/29,151.5495,151.957993,149.838501,151.676498,151.676498,59482000
2020/7/30,150.699997,154.600006,150.25,152.593994,152.593994,122566000
2020/7/31,162.199997,162.341003,157.550003,158.233994,158.233994,161710000
2020/8/3,159.025497,159.199997,155.199997,155.594498,155.594498,101494000
2020/8/4,155.060501,158.362,155.060501,156.941498,156.941498,93886000
2020/8/5,157.188507,160.679504,156.365005,160.251495,160.251495,78330000
2020/8/6,159.718002,162.373505,158.2715,161.25,161.25,78812000
2020/8/7,161.2005,162.040497,157.033493,158.373001,158.373001,78722000
2020/8/10,158.515503,158.625504,155.076004,157.408005,157.408005,63346000
2020/8/11,155.660004,157.960999,153.649994,154.033493,154.033493,74362000
2020/8/12,155.399994,158.719498,155.070999,158.112,158.112,70442000
