Date,Open,High,Low,Close,Adj Close,Volume,Sentiment
2015/1/2,14.858,14.883333,14.217333,14.620667,14.620667,71466000,
2015/1/5,14.303333,14.433333,13.810667,14.006,14.006,80527500,
2015/1/6,14.004,14.28,13.614,14.085333,14.085333,93928500,
2015/1/7,14.223333,14.318667,13.985333,14.063333,14.063333,44526000,
2015/1/8,14.187333,14.253333,14.000667,14.041333,14.041333,51637500,
2015/1/9,13.928,13.998667,13.664,13.777333,13.777333,70024500,
2015/1/12,13.536667,13.631333,13.283333,13.480667,13.480667,89254500,
2015/1/13,13.554667,13.840667,13.394,13.616667,13.616667,67159500,
2015/1/14,12.388667,13.013333,12.333333,12.846,12.846,173278500,
2015/1/15,12.966,13.05,12.666667,12.791333,12.791333,78247500,
2015/1/16,12.713333,12.966,12.643333,12.871333,12.871333,54048000,
2015/1/20,12.924667,12.941333,12.469333,12.795333,12.795333,67548000,
2015/1/21,12.636667,13.245333,12.634,13.104667,13.104667,62295000,
2015/1/22,13.133333,13.549333,13.013333,13.441333,13.441333,61753500,
2015/1/23,13.352667,13.566667,13.222,13.419333,13.419333,51579000,
2015/1/26,13.455333,13.908,13.403333,13.77,13.77,48517500,
2015/1/27,13.628,13.868667,13.553333,13.732,13.732,41715000,
2015/1/28,13.740667,13.758,13.228,13.291333,13.291333,47244000,
2015/1/29,13.404667,13.732,13.1,13.68,13.68,53221500,
2015/1/30,13.597333,13.831333,13.533333,13.573333,13.573333,45105000,
2015/2/2,13.598,14.13,13.553333,14.062667,14.062667,62238000,
2015/2/3,14.214667,14.691333,14.084667,14.557333,14.557333,72393000,
2015/2/4,14.552667,14.765333,14.453333,14.57,14.57,49581000,
2015/2/5,14.658667,15.032,14.642667,14.732667,14.732667,52843500,
2015/2/6,14.8,14.893333,14.433333,14.490667,14.490667,48658500,
2015/2/9,14.358667,14.528667,14.132667,14.498667,14.498667,52086000,
2015/2/10,14.503333,14.7,14.333333,14.419333,14.419333,80857500,
2015/2/11,14.147333,14.316,13.818667,14.186667,14.186667,146536500,
2015/2/12,12.904667,13.539333,12.885333,13.525333,13.525333,234744000,
2015/2/13,13.526667,13.732667,13.394,13.584667,13.584667,92865000,
2015/2/17,13.713333,13.713333,13.433333,13.623333,13.623333,59694000,
2015/2/18,13.611333,13.744667,13.506667,13.630667,13.630667,40704000,
2015/2/19,13.666667,14.162667,13.583333,14.114,14.114,77311500,
2015/2/20,14.052,14.506667,13.987333,14.474,14.474,89731500,
2015/2/23,14.377333,14.546667,13.755333,13.822667,13.822667,127497000,
2015/2/24,13.819333,13.819333,13.446667,13.607333,13.607333,99054000,
2015/2/25,13.662667,13.809333,13.505333,13.584,13.584,58642500,
2015/2/26,13.6,14.072667,13.481333,13.812667,13.812667,97093500,
2015/2/27,13.793333,13.903333,13.52,13.556,13.556,58231500,
2015/3/2,13.513333,13.556,13.055333,13.155333,13.155333,118831500,
2015/3/3,13.120667,13.349333,13.021333,13.304,13.304,66484500,
2015/3/4,13.283333,13.501333,13.147333,13.496,13.496,63330000,
2015/3/5,13.523333,13.746,13.343333,13.375333,13.375333,73155000,
2015/3/6,13.280667,13.383333,12.81,12.925333,12.925333,100686000,
2015/3/9,12.959333,12.966,12.55,12.725333,12.725333,101050500,
2015/3/10,12.564,12.9,12.506667,12.688,12.688,83695500,
2015/3/11,12.743333,13.078667,12.734,12.916,12.916,74623500,
2015/3/12,12.916667,12.963333,12.65,12.738,12.738,62239500,
2015/3/13,12.596667,12.783333,12.488,12.578667,12.578667,81514500,
2015/3/16,12.8,13.060667,12.653333,13.046667,13.046667,84432000,
2015/3/17,13.028667,13.247333,12.929333,12.982,12.982,73411500,
2015/3/18,12.997333,13.392,12.874,13.380667,13.380667,72313500,
2015/3/19,13.466667,13.639333,12.968667,13.043333,13.043333,127128000,
2015/3/20,13.163333,13.266,13.041333,13.205333,13.205333,64042500,
2015/3/23,13.233333,13.366667,13.164667,13.308667,13.308667,39474000,
2015/3/24,13.438667,13.586,13.316667,13.448,13.448,54748500,
2015/3/25,13.218,13.239333,12.846667,12.953333,12.953333,85956000,
2015/3/26,12.928,12.986,12.646667,12.694,12.694,61920000,
2015/3/27,12.604667,12.619333,12.093333,12.333333,12.333333,129073500,
2015/3/30,12.39,12.816667,12.12,12.704667,12.704667,151342500,
2015/3/31,12.902,12.917333,12.560667,12.584667,12.584667,75399000,
2015/4/1,12.58,12.82,12.403333,12.506,12.506,56919000,
2015/4/2,12.682,12.882,12.666667,12.733333,12.733333,75156000,
2015/4/6,13.2,13.85,13.166667,13.54,13.54,186837000,
2015/4/7,13.500667,13.670667,13.409333,13.55,13.55,65218500,
2015/4/8,13.88,14.06,13.724667,13.844667,13.844667,94546500,
2015/4/9,13.895333,14.024667,13.741333,14.006,14.006,57003000,
2015/4/10,13.99,14.11,13.933333,14.06,14.06,61015500,
2015/4/13,14.029333,14.2,13.936667,13.985333,13.985333,56373000,
2015/4/14,13.904667,13.966,13.7,13.830667,13.830667,45390000,
2015/4/15,13.830667,13.972667,13.773333,13.855333,13.855333,29286000,
2015/4/16,13.846667,13.944667,13.752667,13.78,13.78,24886500,
2015/4/17,13.666,13.792,13.566667,13.786,13.786,37048500,
2015/4/20,13.785333,13.856667,13.59,13.684667,13.684667,38389500,
2015/4/21,13.72,14.05,13.620667,13.960667,13.960667,51487500,
2015/4/22,14.166667,14.792,14.112667,14.629333,14.629333,117945000,
2015/4/23,14.551333,14.765333,14.476667,14.573333,14.573333,66168000,
2015/4/24,14.7,14.72,14.534,14.562,14.562,36417000,
2015/4/27,14.837333,15.916667,14.8,15.436667,15.436667,175089000,
2015/4/28,15.65,15.7,15.202,15.365333,15.365333,91281000,
2015/4/29,15.336667,15.664667,15.175333,15.496667,15.496667,59041500,
2015/4/30,15.359333,15.526,15.011333,15.07,15.07,58678500,
2015/5/1,15.329333,15.451333,14.694,15.068667,15.068667,79225500,
2015/5/4,15.212,15.648667,15.140667,15.367333,15.367333,66519000,
2015/5/5,15.850667,15.966667,15.275333,15.53,15.53,86953500,
2015/5/6,15.606667,15.631333,15.213333,15.362,15.362,79063500,
2015/5/7,14.733333,15.832,14.683333,15.786667,15.786667,141838500,
2015/5/8,15.732667,15.894,15.58,15.774,15.774,70023000,
2015/5/11,15.752667,16.191999,15.687333,15.966,15.966,85084500,
2015/5/12,16.007334,16.423332,15.879333,16.316,16.316,95451000,
2015/5/13,16.507334,16.553333,16.15,16.212,16.212,81603000,
2015/5/14,16.321333,16.326,16.083332,16.273333,16.273333,43438500,
2015/5/15,16.261999,16.626667,16.166668,16.589333,16.589333,67914000,
2015/5/18,16.466667,16.66,16.4,16.583332,16.583332,50298000,
2015/5/19,16.562,16.733334,16.41,16.476,16.476,55113000,
2015/5/20,16.475332,16.516001,16.091333,16.290001,16.290001,56334000,
2015/5/21,16.202,16.441334,16.157333,16.374666,16.374666,29559000,
2015/5/22,16.358667,16.573334,16.334,16.515333,16.515333,33346500,
2015/5/26,16.511999,16.799999,16.433332,16.497334,16.497334,52480500,
2015/5/27,16.567333,16.633333,16.370001,16.495333,16.495333,51123000,
2015/5/28,16.468666,16.786667,16.336666,16.763332,16.763332,54709500,
2015/5/29,16.733334,16.858,16.628668,16.719999,16.719999,56839500,
2015/6/1,16.760668,16.773333,16.497999,16.629999,16.629999,37576500,
2015/6/2,16.594667,16.626667,16.42,16.556667,16.556667,32022000,
2015/6/3,16.546667,16.714666,16.467333,16.599333,16.599333,26722500,
2015/6/4,16.5,16.620001,16.380667,16.394667,16.394667,36804000,
2015/6/5,16.4,16.646667,16.378668,16.609333,16.609333,45330000,
2015/6/8,16.723333,17.25,16.687332,17.086,17.086,75255000,
2015/6/9,17.026667,17.182667,16.942667,17.066668,17.066668,39166500,
2015/6/10,16.793333,16.933332,16.566668,16.713333,16.713333,51817500,
2015/6/11,16.884001,16.958,16.695333,16.760668,16.760668,30661500,
2015/6/12,16.680668,16.897333,16.680668,16.712667,16.712667,21334500,
2015/6/15,16.646667,16.752001,16.400667,16.691999,16.691999,32793000,
2015/6/16,16.675333,16.896,16.606667,16.874666,16.874666,29770500,
2015/6/17,16.811333,17.624001,16.801332,17.360666,17.360666,82693500,
2015/6/18,17.466667,17.563999,17.334667,17.459333,17.459333,41740500,
2015/6/19,17.493334,17.586666,17.34,17.500668,17.500668,36945000,
2015/6/22,17.476667,17.626667,17.046,17.319332,17.319332,68416500,
2015/6/23,17.354668,17.866667,17.238001,17.844667,17.844667,58062000,
2015/6/24,17.798668,17.823334,17.581333,17.677999,17.677999,36184500,
2015/6/25,17.763332,18.094,17.683332,17.919333,17.919333,42738000,
2015/6/26,17.926001,17.940666,17.733334,17.806,17.806,57576000,
2015/6/29,17.463333,17.73,17.379999,17.468,17.468,52183500,
2015/6/30,17.653334,18.061333,17.6,17.884001,17.884001,46303500,
2015/7/1,18.073999,18.174667,17.856667,17.943333,17.943333,31518000,
2015/7/2,18.68,18.83,18.220667,18.667999,18.667999,107458500,
2015/7/6,18.591999,18.779333,18.42,18.648001,18.648001,61828500,
2015/7/7,18.333332,18.346666,17.384666,17.858667,17.858667,91576500,
2015/7/8,17.288,17.386667,16.954,16.997334,16.997334,93316500,
2015/7/9,17.271999,17.530001,17.119333,17.194668,17.194668,50011500,
2015/7/10,17.481333,17.533333,17.188,17.276667,17.276667,39163500,
2015/7/13,17.483334,17.503332,17.07,17.477333,17.477333,44404500,
2015/7/14,17.473333,17.732668,17.367332,17.709999,17.709999,28614000,
2015/7/15,17.782667,17.832666,17.472,17.542667,17.542667,30324000,
2015/7/16,17.614668,17.813334,17.544001,17.778667,17.778667,24240000,
2015/7/17,18.166668,18.369333,17.883333,18.310667,18.310667,75061500,
2015/7/20,18.333332,19.110001,18.169333,18.817333,18.817333,74677500,
2015/7/21,18.003332,18.233334,17.77,17.784666,17.784666,91630500,
2015/7/22,17.417999,17.962667,17.390667,17.858,17.858,46575000,
2015/7/23,17.976667,17.993334,17.684668,17.813334,17.813334,33408000,
2015/7/24,17.825333,18.072666,17.594667,17.694,17.694,42547500,
2015/7/27,17.495333,17.628668,16.719334,16.867332,16.867332,70413000,
2015/7/28,17.049999,17.693333,16.789333,17.654667,17.654667,58437000,
2015/7/29,17.618,17.859333,17.466667,17.587999,17.587999,41851500,
2015/7/30,17.512667,17.796,17.474001,17.785999,17.785999,30519000,
2015/7/31,17.84,17.957333,17.674667,17.743334,17.743334,33339000,
2015/8/3,17.752666,17.780666,17.138,17.332666,17.332666,38302500,
2015/8/4,17.334,17.781334,17.222668,17.752001,17.752001,35287500,
2015/8/5,17.572001,18.066668,17.360001,18.008667,18.008667,93214500,
2015/8/6,16.636,17,15.741333,16.408667,16.408667,219357000,
2015/8/7,16.238667,16.248667,15.892667,16.167334,16.167334,76101000,
2015/8/10,15.876667,16.198,15.736667,16.076,16.076,62788500,
2015/8/11,15.81,15.953333,15.629333,15.824667,15.824667,63973500,
2015/8/12,15.666667,15.984667,15.516,15.878,15.878,55920000,
2015/8/13,15.990667,16.431999,15.941333,16.167334,16.167334,70338000,
2015/8/14,16.482668,16.528667,16.118,16.209999,16.209999,65472000,
2015/8/17,17.037333,17.106001,16.700666,16.999332,16.999332,107650500,
2015/8/18,17.025333,17.396667,16.903999,17.381332,17.381332,62925000,
2015/8/19,17.355333,17.376667,17.001333,17.016666,17.016666,54064500,
2015/8/20,16.804001,16.970667,16.126667,16.145332,16.145332,73587000,
2015/8/21,15.733333,16.253332,15.367333,15.384667,15.384667,98853000,
2015/8/24,13.519333,15.426667,13,14.591333,14.591333,143724000,
2015/8/25,15.368,15.393333,14.608,14.668667,14.668667,64909500,
2015/8/26,15.195333,15.2,14.367333,14.989333,14.989333,74445000,
2015/8/27,15.4,16.316668,15.387333,16.199333,16.199333,114840000,
2015/8/28,16.124001,16.763332,16.104668,16.565332,16.565332,82705500,
2015/8/31,16.374666,16.996668,16.367332,16.604,16.604,70503000,
2015/9/1,16.022667,16.4,15.798,15.908667,15.908667,81822000,
2015/9/2,16.353333,16.525333,15.985333,16.512667,16.512667,69438000,
2015/9/3,16.804001,16.805332,16.333332,16.371332,16.371332,62922000,
2015/9/4,16.059334,16.272667,15.88,16.128668,16.128668,55338000,
2015/9/8,16.336666,16.610666,16.27,16.544666,16.544666,47073000,
2015/9/9,16.803333,16.950001,16.553333,16.594,16.594,50862000,
2015/9/10,16.482,16.714666,16.355333,16.565332,16.565332,40635000,
2015/9/11,16.509333,16.682667,16.315332,16.682667,16.682667,35262000,
2015/9/14,16.74,16.950001,16.644667,16.879333,16.879333,43363500,
2015/9/15,16.85,16.973333,16.633333,16.904667,16.904667,44002500,
2015/9/16,16.869333,17.525333,16.858667,17.483334,17.483334,66256500,
2015/9/17,17.597334,17.700001,17.379333,17.471333,17.471333,53787000,
2015/9/18,17.197332,17.587999,17.166668,17.374666,17.374666,56446500,
2015/9/21,17.598667,18.104668,17.053333,17.613333,17.613333,91803000,
2015/9/22,17.268667,17.51,17.058001,17.396,17.396,54966000,
2015/9/23,17.463333,17.472,17.172001,17.403999,17.403999,39012000,
2015/9/24,17.302,17.563334,17.080667,17.541332,17.541332,51723000,
2015/9/25,17.774,17.794001,17.076668,17.127333,17.127333,56601000,
2015/9/28,17.156668,17.319332,16.440666,16.562,16.562,73516500,
2015/9/29,16.697332,16.982,16.364,16.443333,16.443333,55548000,
2015/9/30,16.799999,16.826668,16.156,16.559999,16.559999,73944000,
2015/10/1,16.500668,16.566668,15.808667,15.992,15.992,68595000,
2015/10/2,15.706667,16.513332,15.662,16.504667,16.504667,66360000,
2015/10/5,16.589333,16.656,16.275333,16.41,16.41,55348500,
2015/10/6,16,16.202,15.705333,16.097334,16.097334,78378000,
2015/10/7,15.775333,15.846667,15.274667,15.464,15.464,102210000,
2015/10/8,15.338667,15.381333,14.754,15.114667,15.114667,91998000,
2015/10/9,14.728667,14.958,14.557333,14.712667,14.712667,92376000,
2015/10/12,14.866,14.866667,14.351333,14.372,14.372,57544500,
2015/10/13,14.218667,14.834667,14.075333,14.616667,14.616667,77572500,
2015/10/14,14.711333,14.73,14.362,14.458667,14.458667,46566000,
2015/10/15,14.428667,14.782,14.246667,14.754,14.754,42663000,
2015/10/16,14.869333,15.365333,14.858,15.134,15.134,65017500,
2015/10/19,15.1,15.41,14.996,15.206667,15.206667,37618500,
2015/10/20,15.181333,15.24,13.466667,14.202,14.202,223500000,
2015/10/21,14.132667,14.320667,13.92,14.006,14.006,62272500,
2015/10/22,14.104,14.383333,13.96,14.114667,14.114667,42378000,
2015/10/23,14.333333,14.356667,13.846,13.939333,13.939333,63532500,
2015/10/26,14.092,14.392,14,14.350667,14.350667,50871000,
2015/10/27,14.322667,14.473333,13.834,14.023333,14.023333,52791000,
2015/10/28,14.087333,14.23,13.886667,14.197333,14.197333,40929000,
2015/10/29,14.116667,14.25,14.042667,14.108667,14.108667,27075000,
2015/10/30,14.026667,14.108667,13.592667,13.795333,13.795333,66583500,
2015/11/2,13.928,14.386667,13.814667,14.252667,14.252667,58918500,
2015/11/3,14.256667,14.296,13.85,13.89,13.89,124987500,
2015/11/4,15.133333,15.516,15.013333,15.442,15.442,190896000,
2015/11/5,15.372,15.638667,15.279333,15.451333,15.451333,67452000,
2015/11/6,15.38,15.557333,15.3,15.490667,15.490667,36679500,
2015/11/9,15.532667,15.532667,14.954,15.022,15.022,57763500,
2015/11/10,14.898667,14.913333,14.405333,14.433333,14.433333,69255000,
2015/11/11,14.518,14.632,14.242,14.605333,14.605333,50217000,
2015/11/12,14.523333,14.6,14.177333,14.196,14.196,43738500,
2015/11/13,14.196667,14.199333,13.768,13.812667,13.812667,51454500,
2015/11/16,13.739333,14.332,13.72,14.287333,14.287333,43881000,
2015/11/17,14.346667,14.4,14.093333,14.266667,14.266667,32230500,
2015/11/18,14.3,14.758667,14.168,14.738,14.738,42178500,
2015/11/19,14.702667,15.079333,14.686667,14.786667,14.786667,37566000,
2015/11/20,14.899333,15,14.238667,14.667333,14.667333,66010500,
2015/11/23,14.49,14.612,14.312,14.516667,14.516667,37893000,
2015/11/24,14.358,14.733333,14.333333,14.55,14.55,37204500,
2015/11/25,14.756,15.388667,14.692,15.309333,15.309333,59862000,
2015/11/27,15.404,15.483333,15.134,15.440667,15.440667,29241000,
2015/11/30,15.452667,15.618667,15.272,15.350667,15.350667,39897000,
2015/12/1,15.404,15.866667,15.403333,15.812667,15.812667,56010000,
2015/12/2,15.8,15.906667,15.415333,15.466,15.466,44722500,
2015/12/3,15.698667,15.83,15.333333,15.514,15.514,44094000,
2015/12/4,15.497333,15.551333,15.177333,15.358667,15.358667,38604000,
2015/12/7,15.18,15.708667,15.076667,15.408667,15.408667,47163000,
2015/12/8,15.168,15.253333,14.946667,15.114667,15.114667,40314000,
2015/12/9,15.113333,15.166667,14.714667,14.968,14.968,45867000,
2015/12/10,14.980667,15.232667,14.909333,15.138,15.138,31075500,
2015/12/11,15.016,15.05,14.442667,14.468,14.468,49030500,
2015/12/14,14.500667,14.728,14.324667,14.572,14.572,42406500,
2015/12/15,14.788,14.814667,14.533333,14.739333,14.739333,33666000,
2015/12/16,14.806667,15.658667,14.715333,15.634,15.634,76564500,
2015/12/17,15.596,15.850667,15.320667,15.559333,15.559333,49479000,
2015/12/18,15.526,15.726667,15.286,15.364,15.364,45213000,
2015/12/21,15.446,15.722,15.405333,15.504,15.504,29298000,
2015/12/22,15.666,15.77,15.308667,15.33,15.33,29422500,
2015/12/23,15.478667,15.563333,15.208667,15.313333,15.313333,23325000,
2015/12/24,15.370667,15.458667,15.218667,15.371333,15.371333,10620000,
2015/12/28,15.432667,15.465333,15.036,15.263333,15.263333,28519500,
2015/12/29,15.337333,15.848,15.303333,15.812667,15.812667,36094500,
2015/12/30,15.773333,16.242001,15.711333,15.872667,15.872667,55468500,
2015/12/31,15.900667,16.23,15.891333,16.000668,16.000668,40725000,
2016/1/4,15.381333,15.425333,14.6,14.894,14.894,102406500,
2016/1/5,15.090667,15.126,14.666667,14.895333,14.895333,47802000,
2016/1/6,14.666667,14.67,14.398667,14.602667,14.602667,56686500,
2016/1/7,14.279333,14.562667,14.244667,14.376667,14.376667,53314500,
2016/1/8,14.524,14.696,14.051333,14.066667,14.066667,54421500,
2016/1/11,14.267333,14.296667,13.533333,13.856667,13.856667,61371000,
2016/1/12,14.106667,14.249333,13.687333,13.998,13.998,46378500,
2016/1/13,14.134,14.176667,13.333333,13.354,13.354,61896000,
2016/1/14,13.480667,14,12.892,13.745333,13.745333,97360500,
2016/1/15,13.264667,13.671333,13.15,13.666,13.666,83679000,
2016/1/19,13.914,14.031333,13.385333,13.648,13.648,60580500,
2016/1/20,13.293333,13.418667,12.75,13.246667,13.246667,87579000,
2016/1/21,13.436667,13.548667,13.001333,13.331333,13.331333,47493000,
2016/1/22,13.653333,13.7,13.268667,13.503333,13.503333,46861500,
2016/1/25,13.337333,13.571333,13.058667,13.092,13.092,40480500,
2016/1/26,13.113333,13.188,12.592,12.904,12.904,74463000,
2016/1/27,12.825333,12.884,12.384667,12.538,12.538,54258000,
2016/1/28,12.719333,12.752,12.160667,12.646667,12.646667,68892000,
2016/1/29,12.663333,12.916,12.538667,12.746667,12.746667,42784500,
2016/2/1,12.584,13.301333,12.183333,13.129333,13.129333,79464000,
2016/2/2,12.828,12.874667,12.015333,12.185333,12.185333,86604000,
2016/2/3,12.239333,12.262667,11.345333,11.565333,11.565333,118971000,
2016/2/4,11.38,11.732,11.132667,11.688667,11.688667,65781000,
2016/2/5,11.42,11.533333,10.516,10.84,10.84,141564000,
2016/2/8,10.473333,10.476667,9.733333,9.866,9.866,139695000,
2016/2/9,9.488,10.652667,9.403333,9.883333,9.883333,129774000,
2016/2/10,10.033333,10.331333,9.449333,9.578,9.578,156097500,
2016/2/11,10.133333,10.884,9.8,10.031333,10.031333,213786000,
2016/2/12,10.333333,10.467333,9.58,10.069333,10.069333,108537000,
2016/2/16,10.58,10.863333,10.274,10.344667,10.344667,83907000,
2016/2/17,10.6,11.289333,10.445333,11.245333,11.245333,87378000,
2016/2/18,11.494667,11.53,10.984667,11.118,11.118,58314000,
2016/2/19,10.910667,11.166,10.833333,11.105333,11.105333,44391000,
2016/2/22,11.341333,11.927333,11.323333,11.849333,11.849333,75901500,
2016/2/23,11.744,12.115333,11.578667,11.814,11.814,89766000,
2016/2/24,11.516667,11.966667,11.189333,11.933333,11.933333,80934000,
2016/2/25,11.91,12.568,11.68,12.495333,12.495333,86260500,
2016/2/26,12.58,12.8,12.333333,12.689333,12.689333,90976500,
2016/2/29,12.826667,13.09,12.614667,12.795333,12.795333,67485000,
2016/3/1,12.95,13.063333,12.18,12.423333,12.423333,100683000,
2016/3/2,12.248667,12.568,12.1,12.556,12.556,72936000,
2016/3/3,12.552,13.161333,12.281333,13.049333,13.049333,72435000,
2016/3/4,13.2,13.602,13.166667,13.402667,13.402667,97336500,
2016/3/7,13.178667,13.98,13.16,13.686,13.686,79941000,
2016/3/8,13.566667,13.833333,13.48,13.506667,13.506667,62680500,
2016/3/9,13.634667,13.958,13.519333,13.914667,13.914667,48129000,
2016/3/10,14,14.219333,13.378,13.678667,13.678667,77887500,
2016/3/11,13.862,13.961333,13.688667,13.833333,13.833333,50146500,
2016/3/14,14.176667,14.448,14.042667,14.343333,14.343333,60985500,
2016/3/15,14.284667,14.598,14.1,14.556,14.556,47707500,
2016/3/16,14.533333,14.838667,14.468,14.795333,14.795333,52750500,
2016/3/17,14.764667,15.233333,14.666667,15.092,15.092,56743500,
2016/3/18,15.273333,15.632,15.204,15.516,15.516,70677000,
2016/3/21,15.689333,15.992,15.666667,15.888,15.888,79617000,
2016/3/22,15.814,15.932667,15.504,15.616,15.616,64740000,
2016/3/23,15.491333,15.648667,14.802,14.838667,14.838667,74232000,
2016/3/24,14.385333,15.259333,14.333333,15.183333,15.183333,74413500,
2016/3/28,15.440667,15.654,15,15.350667,15.350667,58885500,
2016/3/29,15.326,15.492,15.022,15.342,15.342,60214500,
2016/3/30,15.672667,15.7,15.1,15.126,15.126,60495000,
2016/3/31,15.289333,15.828,15.000667,15.318,15.318,120193500,
2016/4/1,16.322001,16.526667,15.55,15.839333,15.839333,239962500,
2016/4/4,16.608,16.808001,16.242666,16.466,16.466,202129500,
2016/4/5,16.033333,17.104,16,17.031334,17.031334,149230500,
2016/4/6,16.931334,17.849333,16.896667,17.694668,17.694668,175582500,
2016/4/7,17.763332,17.955999,16.967333,17.146667,17.146667,132843000,
2016/4/8,17.366667,17.388,16.534666,16.671333,16.671333,110458500,
2016/4/11,16.733334,17.266001,16.353333,16.661333,16.661333,137425500,
2016/4/12,16.633333,16.786667,16.242001,16.521334,16.521334,86448000,
2016/4/13,16.567333,17.033333,16.488667,16.968666,16.968666,73884000,
2016/4/14,16.866667,17.122667,16.736668,16.790667,16.790667,61983000,
2016/4/15,16.754,16.973333,16.608,16.967333,16.967333,56286000,
2016/4/18,16.815332,17.220667,16.777332,16.925333,16.925333,64071000,
2016/4/19,16.874666,16.958,16.083332,16.491333,16.491333,95362500,
2016/4/20,16.417334,16.910667,16.1,16.664667,16.664667,77911500,
2016/4/21,16.599333,16.726667,16.460667,16.552668,16.552668,41746500,
2016/4/22,16.592667,16.933332,16.380667,16.916668,16.916668,56794500,
2016/4/25,16.867332,17.158667,16.717333,16.788,16.788,55054500,
2016/4/26,16.803333,17.048668,16.625999,16.916,16.916,48357000,
2016/4/27,16.85,17,16.626667,16.764668,16.764668,48087000,
2016/4/28,16.656668,16.895332,16.496,16.514,16.514,37785000,
2016/4/29,16.542667,16.562,15.854,16.050667,16.050667,81207000,
2016/5/2,16.1,16.212667,15.654667,16.120001,16.120001,57658500,
2016/5/3,15.824,15.927333,15.441333,15.488,15.488,64533000,
2016/5/4,15.352667,15.630667,14.693333,14.837333,14.837333,130507500,
2016/5/5,15.230667,15.242667,13.986,14.102,14.102,168822000,
2016/5/6,14.058,14.424667,13.874,14.328667,14.328667,85278000,
2016/5/9,14.381333,14.41,13.786667,13.928,13.928,71646000,
2016/5/10,13.836667,13.964667,13.666667,13.912667,13.912667,61059000,
2016/5/11,13.839333,14.365333,13.736667,13.930667,13.930667,77428500,
2016/5/12,14.096,14.111333,13.577333,13.818667,13.818667,54757500,
2016/5/13,13.852,14.08,13.78,13.840667,13.840667,42342000,
2016/5/16,13.876667,14.21,13.861333,13.886,13.886,44241000,
2016/5/17,13.936667,13.988,13.601333,13.644,13.644,42654000,
2016/5/18,13.943333,14.354,13.85,14.078,14.078,84262500,
2016/5/19,14.241333,14.452667,13.82,14.347333,14.347333,102994500,
2016/5/20,14.466,14.703333,14.423333,14.685333,14.685333,135106500,
2016/5/23,14.658,14.84,14.390667,14.414667,14.414667,76537500,
2016/5/24,14.44,14.582667,14.345333,14.527333,14.527333,45207000,
2016/5/25,14.527333,14.757333,14.434,14.638667,14.638667,46902000,
2016/5/26,14.7,15.017333,14.603333,15.008,15.008,61086000,
2016/5/27,14.999333,15.062,14.716667,14.869333,14.869333,54754500,
2016/5/31,14.869333,14.983333,14.766667,14.882,14.882,41835000,
2016/6/1,14.765333,14.826667,14.459333,14.637333,14.637333,44740500,
2016/6/2,14.639333,14.660667,14.474,14.597333,14.597333,30492000,
2016/6/3,14.666667,14.796,14.534,14.599333,14.599333,33435000,
2016/6/6,14.533333,14.726667,14.363333,14.712,14.712,33742500,
2016/6/7,14.816,15.629333,14.768,15.489333,15.489333,93204000,
2016/6/8,15.586667,16.056667,15.507333,15.701333,15.701333,89580000,
2016/6/9,15.665333,15.688667,15.137333,15.290667,15.290667,67381500,
2016/6/10,15.159333,15.198,14.561333,14.586,14.586,90399000,
2016/6/13,14.633333,15.051333,14.510667,14.524667,14.524667,62895000,
2016/6/14,14.592,14.813333,14.168667,14.330667,14.330667,53703000,
2016/6/15,14.463333,14.793333,14.342,14.513333,14.513333,43627500,
2016/6/16,14.494667,14.536,14.233333,14.528667,14.528667,36604500,
2016/6/17,14.520667,14.666,14.3,14.364667,14.364667,46689000,
2016/6/20,14.633333,14.916667,14.548667,14.646667,14.646667,53332500,
2016/6/21,14.712,14.838,14.587333,14.640667,14.640667,67935000,
2016/6/22,13.298,13.73,13.05,13.110667,13.110667,356136000,
2016/6/23,13.046,13.17,12.808667,13.093333,13.093333,151960500,
2016/6/24,12.67,13.008,12.648667,12.876667,12.876667,105397500,
2016/6/27,12.724,13.254,12.524667,13.236667,13.236667,108081000,
2016/6/28,13.459333,13.603333,13.294,13.452667,13.452667,93186000,
2016/6/29,13.675333,14.118667,13.533333,14.012667,14.012667,89923500,
2016/6/30,14.198,14.233333,13.934667,14.152,14.152,72646500,
2016/7/1,13.742667,14.549333,13.733333,14.433333,14.433333,81000000,
2016/7/5,13.982,14.302667,13.866667,14.265333,14.265333,77629500,
2016/7/6,14,14.348667,13.933333,14.296,14.296,73798500,
2016/7/7,14.206667,14.541333,14.200667,14.396,14.396,54180000,
2016/7/8,14.52,14.654,14.3,14.452,14.452,61122000,
2016/7/11,14.664,15.118667,14.634,14.985333,14.985333,81447000,
2016/7/12,14.94,15.166667,14.881333,14.976667,14.976667,68569500,
2016/7/13,15.033333,15.039333,14.686,14.835333,14.835333,53506500,
2016/7/14,14.874667,14.996,14.736667,14.768667,14.768667,40137000,
2016/7/15,14.834667,14.85,14.642667,14.693333,14.693333,33513000,
2016/7/18,14.642667,15.139333,14.553333,15.083333,15.083333,51181500,
2016/7/19,15,15.273333,14.983333,15.017333,15.017333,46726500,
2016/7/20,15.098,15.32,15,15.224,15.224,38527500,
2016/7/21,15.066667,15.19,14.606667,14.7,14.7,66430500,
2016/7/22,14.799333,14.966667,14.592,14.818,14.818,38695500,
2016/7/25,14.818,15.426,14.758,15.334,15.334,67360500,
2016/7/26,15.179333,15.333333,15.02,15.300667,15.300667,51450000,
2016/7/27,15.289333,15.557333,15.128,15.232667,15.232667,43335000,
2016/7/28,15.196667,15.384,15.106667,15.374,15.374,36286500,
2016/7/29,15.38,15.685333,15.349333,15.652667,15.652667,46062000,
2016/8/1,15.7,15.775333,15.292,15.334,15.334,60244500,
2016/8/2,15.291333,15.324667,14.76,15.146667,15.146667,59016000,
2016/8/3,15.158,15.313333,14.947333,15.052667,15.052667,58317000,
2016/8/4,15.046,15.390667,14.803333,15.374,15.374,62205000,
2016/8/5,15.333333,15.466667,15.16,15.335333,15.335333,48078000,
2016/8/8,15.2,15.306667,15.072667,15.077333,15.077333,33954000,
2016/8/9,15.121333,15.436,15.11,15.272,15.272,33117000,
2016/8/10,15.216,15.324667,14.974667,15.043333,15.043333,35074500,
2016/8/11,15.078,15.171333,14.894,14.994,14.994,28213500,
2016/8/12,15.027333,15.11,14.936,15.040667,15.040667,27202500,
2016/8/15,15.068,15.3,14.995333,15.039333,15.039333,30514500,
2016/8/16,15.032667,15.146,14.894,14.907333,14.907333,34006500,
2016/8/17,14.955333,14.988667,14.853333,14.882667,14.882667,26806500,
2016/8/18,14.921333,15.044,14.819333,14.900667,14.900667,25717500,
2016/8/19,14.902667,15.011333,14.835333,15,15,24892500,
2016/8/22,14.944667,15.007333,14.845333,14.862,14.862,30982500,
2016/8/23,14.954667,15.232667,14.853333,14.989333,14.989333,71766000,
2016/8/24,15.136667,15.143333,14.814667,14.841333,14.841333,38560500,
2016/8/25,14.874,14.92,14.718,14.730667,14.730667,26437500,
2016/8/26,14.809333,14.857333,14.588,14.666,14.666,33585000,
2016/8/29,14.676667,14.693333,14.333333,14.346667,14.346667,48994500,
2016/8/30,14.407333,14.407333,14.034667,14.089333,14.089333,47533500,
2016/8/31,14.028667,14.173333,13.91,14.134,14.134,49147500,
2016/9/1,13.934,14.073333,13.366667,13.384667,13.384667,119146500,
2016/9/2,13.488667,13.546667,13.08,13.185333,13.185333,89661000,
2016/9/6,13.268,13.55,13.266667,13.522,13.522,65859000,
2016/9/7,13.7,13.766667,13.380667,13.447333,13.447333,54613500,
2016/9/8,13.303333,13.326,13.090667,13.157333,13.157333,50668500,
2016/9/9,13.272667,13.328,12.913333,12.964667,12.964667,56355000,
2016/9/12,13,13.424667,12.94,13.22,13.22,55728000,
2016/9/13,13.137333,13.232667,12.896667,13.07,13.07,53841000,
2016/9/14,13.05,13.194667,12.990667,13.094,13.094,33817500,
2016/9/15,13.099333,13.501333,13.093333,13.361333,13.361333,46158000,
2016/9/16,13.361333,13.713333,13.266667,13.693333,13.693333,46617000,
2016/9/19,13.8,13.962,13.666667,13.756,13.756,34492500,
2016/9/20,13.79,13.85,13.594,13.642667,13.642667,36157500,
2016/9/21,13.758,13.8,13.437333,13.681333,13.681333,39502500,
2016/9/22,13.76,13.818667,13.533333,13.762,13.762,35743500,
2016/9/23,13.732667,14.012,13.711333,13.83,13.83,43578000,
2016/9/26,13.766667,14.066667,13.766667,13.932667,13.932667,35916000,
2016/9/27,13.976667,13.998667,13.640667,13.720667,13.720667,50598000,
2016/9/28,13.834,13.883333,13.684,13.751333,13.751333,31326000,
2016/9/29,13.706667,13.822,13.372,13.38,13.38,40905000,
2016/9/30,13.480667,13.665333,13.303333,13.602,13.602,38794500,
2016/10/3,14.153333,14.378,13.883333,14.246667,14.246667,89998500,
2016/10/4,14.206667,14.221333,13.921333,14.094,14.094,53122500,
2016/10/5,14.149333,14.21,13.874667,13.897333,13.897333,28162500,
2016/10/6,13.497333,13.614,13.347333,13.4,13.4,70551000,
2016/10/7,13.4,13.421333,13.053333,13.107333,13.107333,52395000,
2016/10/10,13.423333,13.609333,13.310667,13.396667,13.396667,49744500,
2016/10/11,13.456667,13.48,13.220667,13.34,13.34,34926000,
2016/10/12,13.396667,13.592,13.361333,13.434,13.434,29560500,
2016/10/13,13.366667,13.393333,13.136667,13.349333,13.349333,37419000,
2016/10/14,13.377333,13.428667,13.086667,13.100667,13.100667,64048500,
2016/10/17,13.136667,13.226,12.8,12.930667,12.930667,68311500,
2016/10/18,13.066,13.298,12.884,13.273333,13.273333,85207500,
2016/10/19,13.316,13.777333,13.204,13.570667,13.570667,104868000,
2016/10/20,13.474667,13.533333,13.136667,13.273333,13.273333,76093500,
2016/10/21,13.24,13.438,13.160667,13.339333,13.339333,44151000,
2016/10/24,13.4,13.596667,13.35,13.517333,13.517333,41274000,
2016/10/25,13.526667,13.646,13.413333,13.489333,13.489333,36675000,
2016/10/26,13.4,13.546,13.34,13.482667,13.482667,84492000,
2016/10/27,14.089333,14.246667,13.443333,13.600667,13.600667,196405500,
2016/10/28,13.6,13.688,13.322,13.331333,13.331333,64201500,
2016/10/31,13.499333,13.499333,13.054,13.182,13.182,70384500,
2016/11/1,13.202667,13.233333,12.540667,12.719333,12.719333,105900000,
2016/11/2,12.67,12.846667,12.500667,12.534667,12.534667,63801000,
2016/11/3,12.6,12.764667,12.469333,12.494667,12.494667,39795000,
2016/11/4,12.6,12.897333,12.397333,12.704,12.704,77190000,
2016/11/7,12.906,12.952667,12.67,12.880667,12.880667,58051500,
2016/11/8,12.919333,13.166,12.750667,12.996,12.996,49014000,
2016/11/9,12.458667,12.8,12.263333,12.670667,12.670667,122596500,
2016/11/10,12.736667,12.774,12.028,12.356667,12.356667,101254500,
2016/11/11,12.282667,12.592,12.2,12.570667,12.570667,59827500,
2016/11/14,12.533333,12.55,11.879333,12.096667,12.096667,98283000,
2016/11/15,12.185333,12.428667,12.136667,12.251333,12.251333,58530000,
2016/11/16,12.176667,12.315333,12.080667,12.262,12.262,51516000,
2016/11/17,12.232667,12.632667,12.140667,12.577333,12.577333,73306500,
2016/11/18,12.71,12.866667,12.333333,12.334667,12.334667,78154500,
2016/11/21,12.336,12.592667,12.294,12.301333,12.301333,65415000,
2016/11/22,12.389333,12.764667,12.247333,12.744667,12.744667,84051000,
2016/11/23,12.707333,13.042667,12.6,12.876,12.876,73378500,
2016/11/25,12.909333,13.149333,12.909333,13.11,13.11,35491500,
2016/11/28,13.032,13.29,12.97,13.074667,13.074667,67938000,
2016/11/29,13.037333,13.115333,12.633333,12.638,12.638,66589500,
2016/11/30,12.733333,12.792667,12.5,12.626667,12.626667,53206500,
2016/12/1,12.55,12.568667,12.066667,12.125333,12.125333,76896000,
2016/12/2,12.192,12.325333,12,12.098,12.098,60634500,
2016/12/5,12.167333,12.592667,12.167333,12.453333,12.453333,61083000,
2016/12/6,12.368,12.438667,12.178667,12.39,12.39,50874000,
2016/12/7,12.41,12.893333,12.333333,12.876667,12.876667,81928500,
2016/12/8,12.803333,12.833333,12.636,12.819333,12.819333,47911500,
2016/12/9,12.724667,12.922667,12.720667,12.812,12.812,40837500,
2016/12/12,12.853333,12.961333,12.745333,12.828667,12.828667,36583500,
2016/12/13,12.878667,13.418667,12.866667,13.21,13.21,102358500,
2016/12/14,13.249333,13.533333,13.117333,13.246,13.246,62263500,
2016/12/15,13.227333,13.382667,13.159333,13.172,13.172,48294000,
2016/12/16,13.205333,13.506,13.173333,13.499333,13.499333,56953500,
2016/12/19,13.499333,13.63,13.322667,13.515333,13.515333,52321500,
2016/12/20,13.536667,13.933333,13.5,13.919333,13.919333,70336500,
2016/12/21,13.896667,14.148667,13.827333,13.846667,13.846667,78114000,
2016/12/22,13.881333,13.999333,13.766667,13.896667,13.896667,46666500,
2016/12/23,13.866667,14.23,13.847333,14.222667,14.222667,70057500,
2016/12/27,14.325333,14.816667,14.294667,14.635333,14.635333,88735500,
2016/12/28,14.768667,14.92,14.48,14.649333,14.649333,56737500,
2016/12/29,14.570667,14.613333,14.274667,14.312,14.312,60675000,
2016/12/30,14.42,14.5,14.112,14.246,14.246,69639000,
2017/1/3,14.324,14.688667,14.064,14.466,14.466,88849500,
2017/1/4,14.316667,15.2,14.287333,15.132667,15.132667,168202500,
2017/1/5,15.094667,15.165333,14.796667,15.116667,15.116667,88675500,
2017/1/6,15.128667,15.354,15.03,15.267333,15.267333,82918500,
2017/1/9,15.264667,15.461333,15.2,15.418667,15.418667,59692500,
2017/1/10,15.466667,15.466667,15.126,15.324667,15.324667,54900000,
2017/1/11,15.271333,15.332,15.112,15.315333,15.315333,54762000,
2017/1/12,15.270667,15.38,15.038667,15.306,15.306,56853000,
2017/1/13,15.333333,15.856667,15.306,15.85,15.85,91395000,
2017/1/17,15.78,15.997333,15.624667,15.705333,15.705333,69262500,
2017/1/18,15.776667,15.980667,15.705333,15.890667,15.890667,56535000,
2017/1/19,16.483334,16.578667,16.049999,16.250668,16.250668,115984500,
2017/1/20,16.364,16.4,16.200666,16.315332,16.315332,63064500,
2017/1/23,16.389999,16.726,16.366667,16.594667,16.594667,93943500,
2017/1/24,16.666668,16.986668,16.643333,16.974001,16.974001,74482500,
2017/1/25,17.153999,17.230667,16.786667,16.964666,16.964666,77139000,
2017/1/26,16.952667,17.049334,16.716667,16.834,16.834,47281500,
2017/1/27,16.758667,16.866667,16.568001,16.863333,16.863333,47494500,
2017/1/30,16.835333,17.019333,16.473333,16.708668,16.708668,57016500,
2017/1/31,16.615999,17.059334,16.513332,16.795334,16.795334,61741500,
2017/2/1,16.870001,16.879999,16.603333,16.615999,16.615999,59382000,
2017/2/2,16.556,16.827999,16.514,16.77,16.77,37497000,
2017/2/3,16.794001,16.812,16.645332,16.755333,16.755333,32800500,
2017/2/6,16.733334,17.188,16.708668,17.184668,17.184668,53437500,
2017/2/7,17.212667,17.333332,17.094667,17.165333,17.165333,63672000,
2017/2/8,17.156668,17.557333,17.08,17.472,17.472,58995000,
2017/2/9,17.75,18.078667,17.743334,17.946667,17.946667,117303000,
2017/2/10,17.986,18.063334,17.740667,17.948668,17.948668,54295500,
2017/2/13,18.049334,18.719334,18.034,18.706667,18.706667,105444000,
2017/2/14,18.601999,19.159332,18.573999,18.732,18.732,110178000,
2017/2/15,18.666668,18.816,18.429333,18.650667,18.650667,74218500,
2017/2/16,18.506666,18.666668,17.9,17.93,17.93,106159500,
2017/2/17,17.719999,18.192667,17.610001,18.148666,18.148666,93856500,
2017/2/21,18.363333,18.76,18.267332,18.492666,18.492666,85150500,
2017/2/22,18.687332,18.896667,18.173332,18.233999,18.233999,131325000,
2017/2/23,17.6,17.643999,17.037333,17.066,17.066,223728000,
2017/2/24,16.844,17.216667,16.68,17.133333,17.133333,122574000,
2017/2/27,16.544666,16.557333,16.134001,16.415333,16.415333,171912000,
2017/2/28,16.279333,16.733334,16.26,16.666,16.666,91171500,
2017/3/1,16.945333,16.99,16.607332,16.667999,16.667999,72142500,
2017/3/2,16.647333,16.885332,16.551332,16.698668,16.698668,50277000,
2017/3/3,16.716,16.793333,16.6,16.771334,16.771334,43791000,
2017/3/6,16.527332,16.780001,16.500668,16.747334,16.747334,50332500,
2017/3/7,16.794666,16.926001,16.554667,16.572666,16.572666,51892500,
2017/3/8,16.466667,16.671333,16.354668,16.458,16.458,55878000,
2017/3/9,16.508667,16.577333,16.200001,16.326668,16.326668,58189500,
2017/3/10,16.414,16.433332,16.200001,16.246,16.246,45994500,
2017/3/13,16.321333,16.456667,16.185333,16.411333,16.411333,45339000,
2017/3/14,16.407333,17.208,16.401333,17.200001,17.200001,113976000,
2017/3/15,17.133333,17.4,16.951332,17.048668,17.048668,79962000,
2017/3/16,17.493334,17.716667,17.270666,17.469999,17.469999,106983000,
2017/3/17,17.6,17.688667,17.413334,17.433332,17.433332,97462500,
2017/3/20,17.373333,17.636667,17.254667,17.461332,17.461332,54214500,
2017/3/21,17.521999,17.653334,16.682667,16.712,16.712,103629000,
2017/3/22,16.770666,17.004667,16.700666,17.000668,17.000668,60889500,
2017/3/23,17.025999,17.177999,16.886667,16.985332,16.985332,49803000,
2017/3/24,17.046667,17.592667,17.000668,17.544001,17.544001,84709500,
2017/3/27,17.373333,18.038,17.316668,18.014668,18.014668,93462000,
2017/3/28,18.468,18.712,18.333332,18.496668,18.496668,119814000,
2017/3/29,18.556,18.639999,18.369333,18.492001,18.492001,55143000,
2017/3/30,18.535999,18.799999,18.480667,18.528,18.528,62226000,
2017/3/31,18.582001,18.645332,18.421333,18.553333,18.553333,49419000,
2017/4/3,19.126667,19.933332,18.972,19.901333,19.901333,208329000,
2017/4/4,19.792667,20.320667,19.635332,20.246668,20.246668,152019000,
2017/4/5,20.136,20.325333,19.613333,19.666668,19.666668,118213500,
2017/4/6,19.792,20.129333,19.606667,19.913334,19.913334,82809000,
2017/4/7,19.833332,20.179333,19.809999,20.169333,20.169333,68694000,
2017/4/10,20.610001,20.915333,20.580667,20.826,20.826,114967500,
2017/4/11,20.892,20.898001,20.366667,20.580667,20.580667,85869000,
2017/4/12,20.422667,20.563334,19.754667,19.789333,19.789333,90760500,
2017/4/13,19.780001,20.492666,19.686666,20.266666,20.266666,139269000,
2017/4/17,20.18,20.266666,19.912001,20.096001,20.096001,62080500,
2017/4/18,19.98,20.056,19.860001,20.016666,20.016666,45535500,
2017/4/19,20.164,20.441334,20.140667,20.368,20.368,58470000,
2017/4/20,20.434,20.610001,20.015333,20.167334,20.167334,92241000,
2017/4/21,20.133333,20.426666,20.028,20.373333,20.373333,67647000,
2017/4/24,20.614668,20.703333,20.401333,20.535334,20.535334,76252500,
2017/4/25,20.533333,20.931999,20.390667,20.919333,20.919333,101065500,
2017/4/26,20.824667,20.966667,20.6,20.677999,20.677999,70425000,
2017/4/27,20.779333,20.872667,20.5,20.575333,20.575333,52029000,
2017/4/28,20.655333,20.986668,20.533333,20.938,20.938,67582500,
2017/5/1,20.992001,21.816668,20.987333,21.521999,21.521999,132444000,
2017/5/2,21.6,21.844,21.104,21.259333,21.259333,80742000,
2017/5/3,21.177999,21.435333,20.696667,20.734667,20.734667,107001000,
2017/5/4,20.496,20.518,19.384001,19.697332,19.697332,212280000,
2017/5/5,19.866667,20.57,19.786667,20.556667,20.556667,122659500,
2017/5/8,20.726667,20.919333,20.388,20.479334,20.479334,105097500,
2017/5/9,20.625334,21.466,20.606667,21.417334,21.417334,145147500,
2017/5/10,21.437332,21.700001,21.208,21.681334,21.681334,86124000,
2017/5/11,21.559999,21.733334,21.306667,21.540001,21.540001,71307000,
2017/5/12,21.698668,21.799999,21.435333,21.653999,21.653999,61824000,
2017/5/15,21.225332,21.346666,20.835333,21.058666,21.058666,114330000,
2017/5/16,21.172667,21.337334,21.009333,21.134001,21.134001,62287500,
2017/5/17,20.959333,20.975332,20.366667,20.407333,20.407333,100678500,
2017/5/18,20.466667,20.929333,20.354,20.870667,20.870667,84807000,
2017/5/19,21.033333,21.1,20.68,20.722,20.722,70314000,
2017/5/22,20.853333,20.958,20.453333,20.690001,20.690001,64938000,
2017/5/23,20.697332,20.715334,20.232,20.257334,20.257334,64776000,
2017/5/24,20.434,20.733334,20.360001,20.681334,20.681334,75499500,
2017/5/25,20.734667,21.131332,20.520666,21.122,21.122,75210000,
2017/5/26,21.152,21.699333,21.087334,21.676001,21.676001,117033000,
2017/5/30,21.733334,22.418667,21.717333,22.34,22.34,116743500,
2017/5/31,22.512667,22.859333,22.344,22.733999,22.733999,149451000,
2017/6/1,22.933332,22.992001,22.486,22.691334,22.691334,114120000,
2017/6/2,22.651333,22.858667,22.395332,22.656668,22.656668,83853000,
2017/6/5,22.566668,23.229334,22.280666,23.154667,23.154667,101766000,
2017/6/6,22.98,23.966,22.664667,23.523333,23.523333,166302000,
2017/6/7,23.756001,24.033333,23.676001,23.976667,23.976667,140970000,
2017/6/8,24.25,24.793333,24.014668,24.666668,24.666668,135922500,
2017/6/9,24.961332,25.124666,23.653334,23.821333,23.821333,258921000,
2017/6/12,23.865999,24.299999,23.374666,23.934,23.934,157765500,
2017/6/13,24.507999,25.066668,24.440666,25.063334,25.063334,177118500,
2017/6/14,25.406,25.616667,25.087334,25.377333,25.377333,192276000,
2017/6/15,24.833332,25.030666,24.432667,25.022667,25.022667,156397500,
2017/6/16,25.198668,25.200666,24.673332,24.76,24.76,100965000,
2017/6/19,25,25.113333,24.52,24.653334,24.653334,98239500,
2017/6/20,25.111334,25.258667,24.648666,24.816,24.816,111580500,
2017/6/21,24.956667,25.132668,24.534666,25.093332,25.093332,73848000,
2017/6/22,25.199333,25.666668,24.904667,25.507334,25.507334,112947000,
2017/6/23,25.496668,25.799334,25.290001,25.563334,25.563334,96687000,
2017/6/26,25.779333,25.796667,24.873333,25.166,25.166,99061500,
2017/6/27,25.093332,25.093332,24.134666,24.158001,24.158001,104946000,
2017/6/28,24.445333,24.782667,24.167999,24.749332,24.749332,94537500,
2017/6/29,24.707333,24.733334,23.606667,24.049999,24.049999,123315000,
2017/6/30,24.247334,24.451332,23.974667,24.107332,24.107332,87727500,
2017/7/3,24.682667,24.756666,23.433332,23.507999,23.507999,94581000,
2017/7/5,23.146667,23.149332,21.755333,21.806,21.806,255700500,
2017/7/6,21.150667,21.386,20.42,20.588667,20.588667,289867500,
2017/7/7,20.9,21.133333,20.492001,20.881332,20.881332,212653500,
2017/7/10,20.860001,21.195999,20.208668,21.07,21.07,207313500,
2017/7/11,21.066668,21.818666,20.953333,21.814667,21.814667,173391000,
2017/7/12,22.026667,22.206667,21.633333,21.968,21.968,155191500,
2017/7/13,22.007334,22.106667,21.331333,21.560667,21.560667,128917500,
2017/7/14,21.546,21.894667,21.414667,21.851999,21.851999,84378000,
2017/7/17,21.702667,21.806667,20.896667,21.304667,21.304667,148153500,
2017/7/18,21.166668,21.941999,21.044001,21.882668,21.882668,95605500,
2017/7/19,21.882,22.110001,21.548,21.684,21.684,95355000,
2017/7/20,21.793333,22.014668,21.613333,21.994667,21.994667,77493000,
2017/7/21,21.964001,22.084,21.719999,21.893333,21.893333,73524000,
2017/7/24,22.016001,22.893333,22.000668,22.834667,22.834667,129556500,
2017/7/25,23,23.040001,22.276667,22.639999,22.639999,104838000,
2017/7/26,22.690666,23.033333,22.541332,22.923332,22.923332,72312000,
2017/7/27,23.066668,23.166668,21.752666,22.297333,22.297333,124536000,
2017/7/28,22.459333,22.639999,22.167334,22.337999,22.337999,73206000,
2017/7/31,22.366667,22.766001,21.402666,21.564667,21.564667,128026500,
2017/8/1,21.533333,21.629999,21.075333,21.304667,21.304667,124546500,
2017/8/2,21.262667,21.808001,20.747999,21.726,21.726,196372500,
2017/8/3,23.021999,23.333332,22.876667,23.139334,23.139334,203025000,
2017/8/4,23.133333,23.818001,22.886667,23.794001,23.794001,139033500,
2017/8/7,23.823334,23.965334,23.516666,23.677999,23.677999,94867500,
2017/8/8,23.835333,24.572001,23.826668,24.348,24.348,111747000,
2017/8/9,24.066668,24.666668,23.93,24.235332,24.235332,103381500,
2017/8/10,24.106667,24.443333,23.643999,23.693333,23.693333,106393500,
2017/8/11,23.798,24.084,23.574667,23.858,23.858,65487000,
2017/8/14,24.308666,24.510668,24.173332,24.253332,24.253332,67788000,
2017/8/15,24.346666,24.365999,23.958,24.155333,24.155333,46276500,
2017/8/16,24.200001,24.433332,24.167999,24.194,24.194,51207000,
2017/8/17,24.080667,24.219999,23.439333,23.461332,23.461332,75415500,
2017/8/18,23.527332,23.6,23.053333,23.164,23.164,81123000,
2017/8/21,23.054667,23.054667,22.123333,22.524,22.524,97431000,
2017/8/22,22.742001,22.816,22.491333,22.756666,22.756666,64830000,
2017/8/23,22.599333,23.566,22.553333,23.518,23.518,74317500,
2017/8/24,23.501333,23.777332,23.316,23.528667,23.528667,68770500,
2017/8/25,23.615999,23.712667,23.153334,23.203333,23.203333,52260000,
2017/8/28,23.152,23.156668,22.648001,23.044001,23.044001,56460000,
2017/8/29,22.632,23.27,22.583332,23.157333,23.157333,61105500,
2017/8/30,23.311333,23.564667,23.133333,23.545334,23.545334,51193500,
2017/8/31,23.57,23.896,23.521334,23.726667,23.726667,61092000,
2017/9/1,23.741333,23.839333,23.579332,23.693333,23.693333,45742500,
2017/9/5,23.586666,23.699333,23.059334,23.306,23.306,57526500,
2017/9/6,23.299999,23.398666,22.770666,22.968666,22.968666,61371000,
2017/9/7,23.065332,23.498667,22.896667,23.374001,23.374001,63588000,
2017/9/8,23.266001,23.318666,22.82,22.893333,22.893333,48952500,
2017/9/11,23.423332,24.247334,23.333332,24.246,24.246,115006500,
2017/9/12,24.299334,24.584,24.026667,24.183332,24.183332,89593500,
2017/9/13,24.254667,24.538,23.972668,24.415333,24.415333,62778000,
2017/9/14,24.288668,25.197332,24.175333,25.176001,25.176001,108037500,
2017/9/15,24.967333,25.333332,24.846666,25.320667,25.320667,81307500,
2017/9/18,25.35,25.974001,25.178667,25.666668,25.666668,107820000,
2017/9/19,25.333332,25.492666,24.904667,25.006666,25.006666,96778500,
2017/9/20,24.866667,25.216667,24.738001,24.927334,24.927334,73786500,
2017/9/21,24.993334,25.122,24.300667,24.431999,24.431999,69273000,
2017/9/22,24.432667,24.66,23.392,23.406,23.406,122391000,
2017/9/25,23.543333,23.831333,22.858667,22.999332,22.999332,114088500,
2017/9/26,23.395332,23.416,22.726667,23.016666,23.016666,107344500,
2017/9/27,23.326668,23.432667,22.700001,22.731333,22.731333,90904500,
2017/9/28,22.658667,22.85,22.360001,22.639999,22.639999,79794000,
2017/9/29,22.790667,22.978666,22.573334,22.74,22.74,76606500,
2017/10/2,22.834667,22.913334,22.367332,22.768667,22.768667,79302000,
2017/10/3,22.393333,23.236668,22.085333,23.209333,23.209333,152304000,
2017/10/4,23.416668,23.908001,23.306667,23.667334,23.667334,122452500,
2017/10/5,23.733334,23.829332,23.423332,23.688667,23.688667,62575500,
2017/10/6,23.540001,24.006666,23.483334,23.792,23.792,64462500,
2017/10/9,23.309999,23.450001,22.844667,22.862667,22.862667,112405500,
2017/10/10,23.120001,23.708668,23.035334,23.705999,23.705999,104677500,
2017/10/11,23.592667,23.84,23.41,23.639999,23.639999,67512000,
2017/10/12,23.530001,23.985332,23.509333,23.712,23.712,61305000,
2017/10/13,23.798668,23.899332,23.578667,23.704666,23.704666,53107500,
2017/10/16,23.584,23.632,23.143999,23.373333,23.373333,80632500,
2017/10/17,23.393999,23.747999,23.337999,23.716667,23.716667,49399500,
2017/10/18,23.731333,24.200001,23.608667,23.976667,23.976667,74086500,
2017/10/19,23.704,23.809999,23.213333,23.454,23.454,75927000,
2017/10/20,23.512667,23.636667,22.955999,23.006666,23.006666,73956000,
2017/10/23,23.325333,23.33,22.416668,22.468,22.468,86209500,
2017/10/24,22.586666,22.853333,22.410667,22.489332,22.489332,67375500,
2017/10/25,22.446667,22.5,21.570667,21.722668,21.722668,128911500,
2017/10/26,21.851999,22.015333,21.546667,21.744667,21.744667,75352500,
2017/10/27,21.316668,21.639334,21.110666,21.391333,21.391333,104695500,
2017/10/30,21.278667,21.585333,21.15,21.338667,21.338667,63816000,
2017/10/31,21.348667,22.129999,21.345333,22.101999,22.101999,85084500,
2017/11/1,22.15,22.174,21.350668,21.405333,21.405333,126859500,
2017/11/2,20.008667,20.579332,19.508667,19.950666,19.950666,296871000,
2017/11/3,19.966667,20.416668,19.675333,20.406,20.406,133410000,
2017/11/6,20.466667,20.5,19.934,20.185333,20.185333,97290000,
2017/11/7,20.068001,20.433332,20.002001,20.403334,20.403334,79414500,
2017/11/8,20.366667,20.459333,20.086666,20.292667,20.292667,70879500,
2017/11/9,20.166668,20.297333,19.753332,20.199333,20.199333,81706500,
2017/11/10,20.166668,20.557333,20.123333,20.199333,20.199333,69381000,
2017/11/13,20.008667,21.120001,19.940666,21.026667,21.026667,113773500,
2017/11/14,21,21.09,20.459999,20.58,20.58,85141500,
2017/11/15,20.400667,20.832666,20.1,20.753332,20.753332,89680500,
2017/11/16,20.932667,21.209333,20.753332,20.833332,20.833332,87331500,
2017/11/17,21.711332,21.778,20.876667,21.003332,21.003332,206026500,
2017/11/20,20.919333,21.033333,20.316668,20.582666,20.582666,123715500,
2017/11/21,20.724001,21.215334,20.580667,21.187332,21.187332,108919500,
2017/11/22,21.118,21.161333,20.789333,20.84,20.84,73764000,
2017/11/24,20.919333,21.094,20.733334,21.036667,21.036667,48661500,
2017/11/27,20.883333,21.156,20.634001,21.120667,21.120667,68338500,
2017/11/28,21.090668,21.333332,20.927999,21.17,21.17,74242500,
2017/11/29,21.153334,21.200001,20.082001,20.502666,20.502666,131511000,
2017/11/30,20.570667,20.713333,20.302668,20.59,20.59,65274000,
2017/12/1,20.362667,20.688,20.336666,20.435333,20.435333,64393500,
2017/12/4,20.433332,20.551332,20.040667,20.346666,20.346666,87526500,
2017/12/5,20.133333,20.533333,20.066668,20.246668,20.246668,69697500,
2017/12/6,20.006666,20.892668,20,20.884001,20.884001,107929500,
2017/12/7,20.799999,21.242001,20.736668,20.749332,20.749332,71709000,
2017/12/8,20.973333,21.132,20.750668,21.008667,21.008667,52027500,
2017/12/11,20.975332,21.934,20.916668,21.927334,21.927334,119070000,
2017/12/12,22.030001,22.762667,22.002001,22.735332,22.735332,130998000,
2017/12/13,22.728666,22.948,22.433332,22.601999,22.601999,93322500,
2017/12/14,22.733999,23.162666,22.459999,22.525999,22.525999,86998500,
2017/12/15,22.802668,22.926666,22.384001,22.896667,22.896667,103998000,
2017/12/18,22.993334,23.115334,22.505333,22.591333,22.591333,82143000,
2017/12/19,22.684,22.766001,22.02,22.073334,22.073334,102375000,
2017/12/20,22.179333,22.206667,21.669333,21.931999,21.931999,89307000,
2017/12/21,21.972668,22.249332,21.813999,22.110666,22.110666,65778000,
2017/12/22,21.967333,22.061333,21.654667,21.68,21.68,63237000,
2017/12/26,21.588667,21.596001,21.105333,21.152666,21.152666,65676000,
2017/12/27,21.066668,21.178667,20.716667,20.775999,20.775999,70681500,
2017/12/28,20.783333,21.054667,20.636,21.024,21.024,64744500,
2017/12/29,21.078667,21.094,20.666668,20.756666,20.756666,56658000,
2018/1/2,20.799999,21.474001,20.733334,21.368668,21.368668,65283000,
2018/1/3,21.4,21.683332,21.036667,21.15,21.15,67822500,
2018/1/4,20.858,21.236668,20.378668,20.974667,20.974667,149194500,
2018/1/5,21.108,21.149332,20.799999,21.105333,21.105333,68868000,
2018/1/8,21.066668,22.468,21.033333,22.427334,22.427334,147891000,
2018/1/9,22.344,22.586666,21.826668,22.246,22.246,107199000,
2018/1/10,22.146667,22.466667,22,22.32,22.32,64648500,
2018/1/11,22.349333,22.987333,22.217333,22.530001,22.530001,99682500,
2018/1/12,22.575333,22.694,22.244667,22.414667,22.414667,72376500,
2018/1/16,22.502666,23,22.32,22.670668,22.670668,97114500,
2018/1/17,22.698,23.266666,22.65,23.143999,23.143999,106552500,
2018/1/18,23.044666,23.486668,22.916,22.971333,22.971333,85287000,
2018/1/19,23,23.372667,22.84,23.334667,23.334667,73324500,
2018/1/22,23.293333,23.855333,23.280001,23.437332,23.437332,93156000,
2018/1/23,24,24.033333,23.4,23.519333,23.519333,81981000,
2018/1/24,23.638666,23.65,22.901333,23.059334,23.059334,79312500,
2018/1/25,23.218,23.280001,22.426666,22.509333,22.509333,101104500,
2018/1/26,22.766666,22.933332,22.380667,22.856667,22.856667,68091000,
2018/1/29,22.656668,23.389999,22.552,23.302,23.302,71206500,
2018/1/30,23.009333,23.218,22.811333,23.054667,23.054667,70765500,
2018/1/31,23.167334,23.746,23.012667,23.620667,23.620667,93211500,
2018/2/1,23.4,23.977333,23.242001,23.283333,23.283333,62965500,
2018/2/2,23.229334,23.463333,22.700666,22.916668,22.916668,55572000,
2018/2/5,22.531334,22.964666,22.200001,22.208668,22.208668,66961500,
2018/2/6,21.680668,22.414667,21.566668,22.264668,22.264668,76326000,
2018/2/7,22.599333,23.066668,22.377333,23,23,104538000,
2018/2/8,22.887333,23.241333,20.973333,21.015333,21.015333,154719000,
2018/2/9,21.328667,21.398666,19.650667,20.694668,20.694668,194005500,
2018/2/12,21.075333,21.205334,20.416668,21.048668,21.048668,93417000,
2018/2/13,21.001333,21.612667,20.834,21.577333,21.577333,68403000,
2018/2/14,21.389334,21.744667,21.234667,21.487333,21.487333,59260500,
2018/2/15,21.633333,22.274668,21.493334,22.271334,22.271334,88693500,
2018/2/16,22.166668,22.874666,22.109333,22.365999,22.365999,84639000,
2018/2/20,22.298,22.722668,22.1,22.318001,22.318001,60141000,
2018/2/21,22.402,22.646,22.211332,22.219999,22.219999,48294000,
2018/2/22,22.368668,23.162666,22.316668,23.077999,23.077999,104547000,
2018/2/23,23.188667,23.666,23.139999,23.469999,23.469999,87261000,
2018/2/26,23.566668,23.933332,23.490667,23.827999,23.827999,65100000,
2018/2/27,23.75,23.999332,23.334,23.399332,23.399332,71961000,
2018/2/28,23.504667,23.682667,22.814667,22.870667,22.870667,91045500,
2018/3/1,23.000668,23.244667,22.004667,22.062,22.062,103284000,
2018/3/2,21.798668,22.348,21.531334,22.341333,22.341333,76392000,
2018/3/5,22.159332,22.516666,21.952667,22.223333,22.223333,57357000,
2018/3/6,22.25,22.424667,21.802,21.879999,21.879999,64285500,
2018/3/7,21.695999,22.166668,21.449333,22.153334,22.153334,75109500,
2018/3/8,22.190666,22.219999,21.751333,21.940001,21.940001,53493000,
2018/3/9,21.606667,21.899332,21.491333,21.811333,21.811333,82602000,
2018/3/12,21.907333,23.147333,21.766666,23.034,23.034,123960000,
2018/3/13,21.907333,23.147333,21.766666,22.789333,22.789333,89487000,
2018/3/14,22.450666,22.653999,21.595333,21.775333,21.775333,119511000,
2018/3/15,21.958668,22.190001,21.406668,21.706667,21.706667,98472000,
2018/3/16,21.528667,21.826668,21.271334,21.423332,21.423332,91759500,
2018/3/19,21.1,21.383333,20.644667,20.903999,20.903999,112264500,
2018/3/20,20.991333,21.083332,20.584,20.703333,20.703333,71464500,
2018/3/21,20.683332,21.496,20.679333,21.101999,21.101999,89376000,
2018/3/22,20.926001,21.254667,20.545334,20.606667,20.606667,74097000,
2018/3/23,20.75,20.75,20.030001,20.102667,20.102667,99823500,
2018/3/26,20.489332,20.506001,19.424,20.278667,20.278667,125628000,
2018/3/27,20.266666,20.284666,18.478666,18.612,18.612,208080000,
2018/3/28,17.638666,17.912001,16.806667,17.185333,17.185333,315021000,
2018/3/29,17.099333,18.063999,16.547333,17.742001,17.742001,227560500,
2018/4/2,17.084,17.355333,16.306,16.832001,16.832001,241710000,
2018/4/3,17.988001,18.223333,16.966,17.835333,17.835333,282666000,
2018/4/4,16.851999,19.224667,16.799999,19.129333,19.129333,298450500,
2018/4/5,19.289333,20.417334,19.213333,20.381332,20.381332,286816500,
2018/4/6,20.066668,20.618668,19.700001,19.953333,19.953333,202804500,
2018/4/9,20.024668,20.633333,19.280666,19.310667,19.310667,153747000,
2018/4/10,19.931334,20.473333,19.578667,20.313334,20.313334,164847000,
2018/4/11,20.049334,20.598667,19.977333,20.062,20.062,112243500,
2018/4/12,20.154667,20.263332,19.578667,19.605333,19.605333,114132000,
2018/4/13,20.24,20.263332,19.732,20.022667,20.022667,109908000,
2018/4/16,19.933332,19.977333,19.267332,19.414,19.414,95077500,
2018/4/17,19.257999,19.478001,18.834,19.179333,19.179333,105000000,
2018/4/18,19.405333,20.016001,19.210667,19.556667,19.556667,98365500,
2018/4/19,19.405333,20.067333,19.236668,20.005333,20.005333,91359000,
2018/4/20,19.677999,19.998667,19.316668,19.349333,19.349333,84418500,
2018/4/23,19.419333,19.441334,18.822001,18.891333,18.891333,73401000,
2018/4/24,19,19.139334,18.563999,18.897333,18.897333,85279500,
2018/4/25,18.9,19.010668,18.483334,18.712667,18.712667,60204000,
2018/4/26,18.583332,19.052668,18.433332,19.032,19.032,65340000,
2018/4/27,19.024668,19.631332,18.922001,19.605333,19.605333,65469000,
2018/4/30,19.573999,19.915333,19.5,19.593332,19.593332,63423000,
2018/5/1,19.567333,20.054667,19.548,19.994667,19.994667,69384000,
2018/5/2,19.904667,20.456667,19.851999,20.076668,20.076668,134556000,
2018/5/3,18.586,19.202667,18.348667,18.963333,18.963333,260281500,
2018/5/4,18.866667,19.790667,18.634666,19.606001,19.606001,128541000,
2018/5/7,19.833332,20.397333,19.677999,20.184668,20.184668,130173000,
2018/5/8,20.053333,20.516666,19.933332,20.131332,20.131332,88950000,
2018/5/9,20.027332,20.467333,20.003332,20.456667,20.456667,85911000,
2018/5/10,20.5,20.865999,20.274,20.334667,20.334667,84774000,
2018/5/11,20.513332,20.591999,19.938667,20.070667,20.070667,70194000,
2018/5/14,20.221333,20.329332,19.441334,19.464666,19.464666,109302000,
2018/5/15,19.000668,19.130667,18.700001,18.945333,18.945333,142788000,
2018/5/16,18.922001,19.254,18.770666,19.098667,19.098667,85110000,
2018/5/17,19.059999,19.279333,18.931334,18.969334,18.969334,66309000,
2018/5/18,18.976667,18.976667,18.266666,18.454666,18.454666,108778500,
2018/5/21,18.755333,19.432667,18.753332,18.966,18.966,137739000,
2018/5/22,19.184,19.200001,18.228001,18.334,18.334,134187000,
2018/5/23,18.517332,18.660667,18.266666,18.604668,18.604668,89776500,
2018/5/24,18.559999,18.740667,18.326,18.523333,18.523333,62650500,
2018/5/25,18.508667,18.642668,18.374001,18.59,18.59,58126500,
2018/5/29,18.567333,19.1,18.41,18.917334,18.917334,84999000,
2018/5/30,18.886,19.667334,18.773333,19.448,19.448,112345500,
2018/5/31,19.147333,19.358,18.862,18.982,18.982,88795500,
2018/6/1,19.057333,19.463333,18.922667,19.454666,19.454666,81366000,
2018/6/4,19.622667,19.933332,19.57,19.782667,19.782667,71967000,
2018/6/5,19.846666,19.853333,19.115999,19.408667,19.408667,89928000,
2018/6/6,20.033333,21.478001,19.832001,21.299999,21.299999,281509500,
2018/6/7,21.076668,22,20.905333,21.072666,21.072666,215179500,
2018/6/8,21.266666,21.632,21.143333,21.177334,21.177334,123078000,
2018/6/11,21.500668,22.310667,21.5,22.139999,22.139999,197752500,
2018/6/12,22.98,23.664667,22.533333,22.851334,22.851334,335211000,
2018/6/13,23.114,23.146667,22.653334,22.985332,22.985332,142047000,
2018/6/14,23.175333,23.916668,23.106667,23.848,23.848,164715000,
2018/6/15,23.589333,24.311333,23.416668,23.878,23.878,162724500,
2018/6/18,23.693333,24.915333,23.633333,24.722,24.722,181098000,
2018/6/19,24.344,24.666668,23.083332,23.503332,23.503332,191428500,
2018/6/20,23.869333,24.292,23.466667,24.148001,24.148001,125755500,
2018/6/21,24.133333,24.414,23.084667,23.167334,23.167334,119506500,
2018/6/22,23.436001,23.483334,22.133333,22.242001,22.242001,153991500,
2018/6/25,22.007999,22.564667,21.833332,22.200666,22.200666,103969500,
2018/6/26,22.403334,22.903334,21.719999,22.799999,22.799999,111787500,
2018/6/27,23,23.386,22.633333,22.966667,22.966667,125005500,
2018/6/28,23.243999,23.801332,23.073999,23.328667,23.328667,125970000,
2018/6/29,23.555332,23.590668,22.827333,22.863333,22.863333,97386000,
2018/7/2,24.004667,24.318666,21.99,22.337999,22.337999,281397000,
2018/7/3,22.116667,22.166,20.646,20.724001,20.724001,184239000,
2018/7/5,20.917334,20.959333,19.747999,20.610666,20.610666,262146000,
2018/7/6,20.33,20.804667,20.133333,20.593332,20.593332,132982500,
2018/7/9,20.799334,21.234667,20.533333,21.233999,21.233999,113952000,
2018/7/10,21.637333,21.845333,21.280001,21.497999,21.497999,142072500,
2018/7/11,21.053333,21.462667,21.004667,21.264,21.264,73261500,
2018/7/12,21.428667,21.548668,20.851334,21.114,21.114,85818000,
2018/7/13,21.038668,21.305332,20.616667,21.257999,21.257999,88047000,
2018/7/16,20.780666,21.010668,20.416668,20.673332,20.673332,117280500,
2018/7/17,20.587334,21.649332,20.566668,21.512667,21.512667,104943000,
2018/7/18,21.666668,21.700001,21.083332,21.59,21.59,84363000,
2018/7/19,21.088667,21.569332,20.934,21.348667,21.348667,88729500,
2018/7/20,21.415333,21.549334,20.780666,20.905333,20.905333,77433000,
2018/7/23,20.122667,20.366667,19.524,20.213333,20.213333,164893500,
2018/7/24,20.294666,20.514668,19.503332,19.828667,19.828667,143862000,
2018/7/25,19.782667,20.641333,19.633333,20.582666,20.582666,106131000,
2018/7/26,20.323334,20.713333,20.242666,20.443333,20.443333,69457500,
2018/7/27,20.483334,20.512667,19.689333,19.812,19.812,85549500,
2018/7/30,19.726667,19.74,19.075333,19.344667,19.344667,102211500,
2018/7/31,19.483334,19.888,19.271334,19.875999,19.875999,76153500,
2018/8/1,19.865999,20.200001,19.533333,20.056,20.056,151941000,
2018/8/2,21.896,23.332666,21.544001,23.302668,23.302668,348225000,
2018/8/3,23.187332,23.666668,22.835333,23.211332,23.211332,204847500,
2018/8/6,23.030666,23.665333,22.788,22.799334,22.799334,128464500,
2018/8/7,22.922667,25.830667,22.610001,25.304667,25.304667,463137000,
2018/8/8,24.606001,25.509333,24.474667,24.689333,24.689333,368568000,
2018/8/9,24.370001,24.467333,23.048668,23.496668,23.496668,257757000,
2018/8/10,23.6,24,23.066668,23.699333,23.699333,173280000,
2018/8/13,24.075333,24.212667,23.268,23.760668,23.760668,156958500,
2018/8/14,23.896667,23.946667,23.139999,23.176001,23.176001,104796000,
2018/8/15,22.794001,22.966,22.142668,22.579332,22.579332,136519500,
2018/8/16,22.660667,22.818666,22.254667,22.363333,22.363333,90960000,
2018/8/17,21.566668,21.784666,20.235332,20.366667,20.366667,284379000,
2018/8/20,19.446667,20.566668,19.213333,20.562668,20.562668,261034500,
2018/8/21,20.707333,21.652666,20.6,21.459999,21.459999,197583000,
2018/8/22,21.391333,21.591999,20.978001,21.442667,21.442667,89190000,
2018/8/23,21.275999,21.821333,21.206667,21.34,21.34,77209500,
2018/8/24,21.379999,21.59,21.293333,21.521334,21.521334,54039000,
2018/8/27,21.200001,21.496,20.587334,21.284666,21.284666,196189500,
2018/8/28,21.227333,21.258667,20.746,20.790667,20.790667,114736500,
2018/8/29,20.684668,20.790001,20.246,20.334,20.334,111711000,
2018/8/30,20.150667,20.306667,19.848,20.209999,20.209999,108250500,
2018/8/31,20.133333,20.354,19.906668,20.110666,20.110666,80626500,
2018/9/4,19.796,19.879333,19.200001,19.263332,19.263332,125257500,
2018/9/5,19.003332,19.118668,18.478666,18.716,18.716,115812000,
2018/9/6,18.986668,19.411333,18.591999,18.73,18.73,112212000,
2018/9/7,17.34,17.889999,16.816668,17.549334,17.549334,337378500,
2018/9/10,18.217333,19.068666,18.066668,19.033333,19.033333,214252500,
2018/9/11,18.631332,18.799999,18.236668,18.629333,18.629333,137550000,
2018/9/12,18.762667,19.5,18.576668,19.369333,19.369333,150231000,
2018/9/13,19.201332,19.666668,19.011999,19.297333,19.297333,95104500,
2018/9/14,19.250668,19.822001,19.101334,19.68,19.68,101484000,
2018/9/17,19.336,20.058001,19.208668,19.656,19.656,103314000,
2018/9/18,19.779333,20.176001,18.366667,18.997334,18.997334,248212500,
2018/9/19,18.700666,20,18.700001,19.934668,19.934668,124423500,
2018/9/20,20.237333,20.398666,19.555332,19.888666,19.888666,110241000,
2018/9/21,19.846666,20.038668,19.691334,19.940001,19.940001,75757500,
2018/9/24,19.898666,20.200001,19.572001,19.978666,19.978666,72645000,
2018/9/25,20,20.306667,19.766666,20.066,20.066,67225500,
2018/9/26,20.127333,20.926001,20.073999,20.638666,20.638666,117648000,
2018/9/27,20.860001,20.997334,20.460667,20.501333,20.501333,127636500,
2018/9/28,18.017332,18.533333,17.370667,17.651333,17.651333,504745500,
2018/10/1,20.384666,20.762667,20.07,20.713333,20.713333,326664000,
2018/10/2,20.93,21.122667,19.943333,20.068001,20.068001,176152500,
2018/10/3,20.222,20.306667,19.438,19.653334,19.653334,119925000,
2018/10/4,19.596666,19.6,18.511333,18.788668,18.788668,147213000,
2018/10/5,18.309999,18.325333,17.333332,17.463333,17.463333,269167500,
2018/10/8,17.634666,17.850668,16.6,16.704,16.704,202090500,
2018/10/9,17.016666,17.784666,16.886667,17.52,17.52,180909000,
2018/10/10,17.640667,17.700666,16.518,17.125334,17.125334,192229500,
2018/10/11,17.168667,17.483334,16.601999,16.815332,16.815332,122515500,
2018/10/12,17.4,17.466,16.800667,17.252001,17.252001,108021000,
2018/10/15,17.270666,17.552,16.969334,17.306,17.306,93000000,
2018/10/16,17.713333,18.492001,17.482668,18.439333,18.439333,142896000,
2018/10/17,18.826668,18.846666,17.719999,18.118668,18.118668,129832500,
2018/10/18,17.952667,18.066668,17.533333,17.594,17.594,81318000,
2018/10/19,17.826,17.977333,16.9,17.333332,17.333332,140632500,
2018/10/22,17.378668,17.457333,16.839333,17.396667,17.396667,84004500,
2018/10/23,17.591333,19.862,17.473333,19.609333,19.609333,285417000,
2018/10/24,20.07,20.296,19.048668,19.233334,19.233334,300874500,
2018/10/25,21.148001,21.4,20.067333,20.990667,20.990667,312610500,
2018/10/26,20.549999,22.66,20.443333,22.059999,22.059999,411382500,
2018/10/29,22.497999,23.143999,21.766666,22.323334,22.323334,217290000,
2018/10/30,21.892668,22.526667,21.483999,21.993334,21.993334,136900500,
2018/10/31,22.169333,22.799999,21.940001,22.488001,22.488001,114364500,
2018/11/1,22.550667,23.189333,22.315332,22.952,22.952,120001500,
2018/11/2,22.916,23.280001,22.727333,23.094,23.094,117120000,
2018/11/5,22.700001,22.930668,22.009333,22.76,22.76,117465000,
2018/11/6,22.604668,23.253332,22.406,22.737333,22.737333,101443500,
2018/11/7,22.889334,23.412001,22.719999,23.210667,23.210667,110617500,
2018/11/8,23.233334,23.838667,23.229334,23.426666,23.426666,106360500,
2018/11/9,23.266666,23.6,23.015333,23.367332,23.367332,76482000,
2018/11/12,23.224667,23.318666,22.022667,22.085333,22.085333,104122500,
2018/11/13,22.210667,22.98,22.146667,22.582001,22.582001,81729000,
2018/11/14,22.846666,23.140667,22.476667,22.933332,22.933332,75604500,
2018/11/15,22.822001,23.238667,22.602667,23.229334,23.229334,69385500,
2018/11/16,23.012667,23.713333,23.007999,23.620667,23.620667,108093000,
2018/11/19,23.756001,24.450001,23.525333,23.564667,23.564667,145633500,
2018/11/20,22.783333,23.32,22.236668,23.166,23.166,120070500,
2018/11/21,23.466667,23.540001,22.493334,22.546,22.546,70302000,
2018/11/23,22.290001,22.5,21.703333,21.722,21.722,63039000,
2018/11/26,21.666668,23.081333,21.666668,23.066668,23.066668,119881500,
2018/11/27,22.67,23.130667,22.366667,22.927999,22.927999,95374500,
2018/11/28,23.066,23.218666,22.813999,23.191334,23.191334,61914000,
2018/11/29,23.133333,23.166668,22.636667,22.744667,22.744667,46210500,
2018/11/30,22.788668,23.440001,22.550667,23.365334,23.365334,84436500,
2018/12/3,24,24.4,23.466667,23.899332,23.899332,124597500,
2018/12/4,23.736668,24.578667,23.466667,23.98,23.98,126928500,
2018/12/6,23.733999,24.492001,23.384001,24.204,24.204,117637500,
2018/12/7,24.6,25.299334,23.843332,23.864668,23.864668,172668000,
2018/12/10,24,24.398666,23.541332,24.343332,24.343332,99202500,
2018/12/11,24.660667,24.811333,24.015333,24.450666,24.450666,94632000,
2018/12/12,24.628,24.794001,24.344,24.440001,24.440001,75405000,
2018/12/13,24.676666,25.162666,24.450001,25.119333,25.119333,110488500,
2018/12/14,25,25.191334,24.288668,24.380667,24.380667,95064000,
2018/12/17,24.133333,24.379999,22.925333,23.228001,23.228001,115110000,
2018/12/18,23.369333,23.436666,22.246,22.468666,22.468666,106500000,
2018/12/19,22.506666,23.134001,21.982668,22.198,22.198,124113000,
2018/12/20,21.803333,22.019333,20.791332,21.025333,21.025333,136078500,
2018/12/21,21.16,21.564667,20.829332,21.318001,21.318001,120252000,
2018/12/24,20.9,20.966667,19.68,19.692667,19.692667,83398500,
2018/12/26,20,21.798,19.606001,21.739332,21.739332,122446500,
2018/12/27,21.322666,21.478001,20.1,21.075333,21.075333,128626500,
2018/12/28,21.540001,22.416,21.227333,22.257999,22.257999,149085000,
2018/12/31,22.519333,22.614,21.684,22.186666,22.186666,94534500,
2019/1/2,20.406668,21.008667,19.92,20.674667,20.674667,174879000,
2019/1/3,20.466667,20.626667,19.825333,20.024,20.024,104478000,
2019/1/4,20.4,21.200001,20.181999,21.179333,21.179333,110911500,
2019/1/7,21.448,22.449333,21.183332,22.330667,22.330667,113268000,
2019/1/8,22.797333,22.934,21.801332,22.356667,22.356667,105127500,
2019/1/9,22.366667,22.9,22.098,22.568666,22.568666,81493500,
2019/1/10,22.293333,23.025999,22.119333,22.997999,22.997999,90846000,
2019/1/11,22.806,23.227333,22.584667,23.150667,23.150667,75586500,
2019/1/14,22.825333,22.833332,22.266666,22.293333,22.293333,78709500,
2019/1/15,22.333332,23.253332,22.299999,22.962,22.962,90849000,
2019/1/16,22.985332,23.466667,22.9,23.07,23.07,70375500,
2019/1/17,23.080667,23.433332,22.943333,23.153999,23.153999,55150500,
2019/1/18,21.533333,21.808666,19.982,20.150667,20.150667,362262000,
2019/1/22,20.321333,20.533333,19.700001,19.927999,19.927999,181000500,
2019/1/23,19.5,19.633333,18.779333,19.172667,19.172667,187950000,
2019/1/24,18.868668,19.578667,18.618668,19.434,19.434,120183000,
2019/1/25,19.625999,19.901333,19.303333,19.802668,19.802668,108744000,
2019/1/28,19.527332,19.830667,19.183332,19.758667,19.758667,96349500,
2019/1/29,19.684668,19.903999,19.453333,19.830667,19.830667,69325500,
2019/1/30,20.030001,20.6,19.899332,20.584667,20.584667,168754500,
2019/1/31,20.066668,20.770666,19.6,20.468,20.468,188538000,
2019/2/1,20.361334,21.073334,20.233334,20.813999,20.813999,109251000,
2019/2/4,20.865334,21.02,20.125334,20.859333,20.859333,110281500,
2019/2/5,20.832666,21.496,20.816668,21.423332,21.423332,101142000,
2019/2/6,21.306,21.615999,21.041332,21.148001,21.148001,75577500,
2019/2/7,20.886667,20.98,20.200001,20.500668,20.500668,97809000,
2019/2/8,20.455334,20.496668,19.9,20.386667,20.386667,87663000,
2019/2/11,20.773333,21.24,20.700001,20.856001,20.856001,106945500,
2019/2/12,21.08,21.212667,20.641333,20.787333,20.787333,82764000,
2019/2/13,20.823334,20.85,20.371332,20.544666,20.544666,77124000,
2019/2/14,20.225332,20.451332,20.066668,20.251333,20.251333,78012000,
2019/2/15,20.299999,20.533333,20.26,20.525333,20.525333,58573500,
2019/2/19,20.437332,20.769333,20.364668,20.375999,20.375999,62526000,
2019/2/20,20.294001,20.42,19.933332,20.170668,20.170668,107131500,
2019/2/21,20.120667,20.216,19.366667,19.415333,19.415333,133638000,
2019/2/22,19.632668,19.766666,19.473333,19.647333,19.647333,86109000,
2019/2/25,19.860666,20.193333,19.799999,19.917999,19.917999,99397500,
2019/2/26,19.481333,20.134001,19.251333,19.857332,19.857332,128737500,
2019/2/27,20.118668,21.086666,20.036667,20.982668,20.982668,167758500,
2019/2/28,21.261333,21.333332,20.720667,21.325333,21.325333,157810500,
2019/3/1,20.462667,20.475332,19.459999,19.652666,19.652666,343671000,
2019/3/4,19.874666,19.933332,18.851999,19.024,19.024,256452000,
2019/3/5,18.799999,18.933332,18.006666,18.436001,18.436001,281470500,
2019/3/6,18.431999,18.767332,18.292667,18.416,18.416,155032500,
2019/3/7,18.589333,18.98,18.283333,18.439333,18.439333,141637500,
2019/3/8,18.460667,19.039333,18.392668,18.942667,18.942667,132294000,
2019/3/11,18.901333,19.418667,18.700001,19.394667,19.394667,110884500,
2019/3/12,19.099333,19.204666,18.737333,18.890667,18.890667,112561500,
2019/3/13,18.926666,19.466,18.846666,19.264,19.264,102670500,
2019/3/14,19.496668,19.692667,19.219334,19.330667,19.330667,106551000,
2019/3/15,18.900667,18.914667,18.293333,18.362,18.362,221782500,
2019/3/18,18.4,18.536667,17.82,17.966,17.966,154215000,
2019/3/19,17.833332,18.219999,17.563999,17.831333,17.831333,177009000,
2019/3/20,17.979334,18.331333,17.753332,18.24,18.24,103623000,
2019/3/21,18.173332,18.43,17.896667,18.268,18.268,89206500,
2019/3/22,18.172001,18.186666,17.6,17.635332,17.635332,131184000,
2019/3/25,17.313999,17.545334,16.964001,17.361334,17.361334,153225000,
2019/3/26,17.629333,18.017332,17.628668,17.851334,17.851334,110263500,
2019/3/27,17.916668,18.358,17.878668,18.322001,18.322001,131688000,
2019/3/28,18.477333,18.688667,18.34,18.574667,18.574667,101611500,
2019/3/29,18.58,18.677334,18.299999,18.657333,18.657333,89869500,
2019/4/1,18.841333,19.280001,18.752001,19.278667,19.278667,121656000,
2019/4/2,19.219999,19.296,18.925333,19.058666,19.058666,82183500,
2019/4/3,19.154667,19.744667,19.144667,19.454,19.454,118791000,
2019/4/4,17.459333,18.08,17.372667,17.851999,17.851999,355810500,
2019/4/5,17.990667,18.406668,17.740667,18.330667,18.330667,195574500,
2019/4/8,18.512667,18.743999,18.029333,18.213333,18.213333,156156000,
2019/4/9,18.110001,18.333332,17.974001,18.153999,18.153999,88560000,
2019/4/10,18.449333,18.558666,18.192667,18.403999,18.403999,105919500,
2019/4/11,17.886667,18.033333,17.706667,17.894667,17.894667,147538500,
2019/4/12,18.014668,18.129999,17.788668,17.846666,17.846666,101190000,
2019/4/15,17.908667,17.925333,17.242001,17.758667,17.758667,150579000,
2019/4/16,17.716667,18.333332,17.648001,18.224001,18.224001,109093500,
2019/4/17,18.316668,18.319332,17.902666,18.082001,18.082001,76897500,
2019/4/18,18.082001,18.322666,17.983334,18.217333,18.217333,88144500,
2019/4/22,17.933332,17.978666,17.498667,17.516666,17.516666,182206500,
2019/4/23,17.343332,17.706667,17.049999,17.593332,17.593332,164158500,
2019/4/24,17.59,17.688,17.200001,17.243999,17.243999,160912500,
2019/4/25,17,17.266666,16.404667,16.508667,16.508667,327741000,
2019/4/26,16.433332,16.445333,15.408667,15.676,15.676,335410500,
2019/4/29,15.724,16.265333,15.478,16.098,16.098,250717500,
2019/4/30,16.137333,16.280666,15.8,15.912667,15.912667,141969000,
2019/5/1,15.923333,16,15.433333,15.600667,15.600667,160566000,
2019/5/2,16.368,16.475332,15.848,16.273333,16.273333,272389500,
2019/5/3,16.257334,17.107332,16.232668,17.002001,17.002001,355602000,
2019/5/6,16.667999,17.223333,16.566668,17.022667,17.022667,162508500,
2019/5/7,17.120001,17.147333,16.34,16.470667,16.470667,151971000,
2019/5/8,16.462667,16.706667,16.280001,16.322666,16.322666,92646000,
2019/5/9,16.133333,16.245333,15.796,16.132,16.132,100671000,
2019/5/10,15.983333,16.132668,15.734667,15.968,15.968,105124500,
2019/5/13,15.467333,15.498,14.966667,15.134,15.134,162522000,
2019/5/14,15.286667,15.633333,15.2,15.487333,15.487333,108786000,
2019/5/15,15.288,15.496,15.016667,15.463333,15.463333,109440000,
2019/5/16,15.299333,15.4,15.1,15.222,15.222,112249500,
2019/5/17,14.797333,14.816,13.928,14.068667,14.068667,266800500,
2019/5/20,13.52,13.733333,13.016667,13.690667,13.690667,307893000,
2019/5/21,13.184,13.826667,13.069333,13.672,13.672,270058500,
2019/5/22,13.273333,13.596,12.785333,12.848667,12.848667,280278000,
2019/5/23,12.956,13.298,12.414667,13.032667,13.032667,398206500,
2019/5/24,13.322,13.332,12.583333,12.708667,12.708667,212049000,
2019/5/28,12.746667,13,12.523333,12.58,12.58,154693500,
2019/5/29,12.473333,12.826,12.336,12.657333,12.657333,179529000,
2019/5/30,12.583333,12.817333,12.468,12.548,12.548,118897500,
2019/5/31,12.34,12.661333,12.273333,12.344,12.344,156100500,
2019/6/3,12.367333,12.445333,11.799333,11.931333,11.931333,195966000,
2019/6/4,12.073333,12.932,11.974,12.906667,12.906667,207112500,
2019/6/5,13.245333,13.418667,12.79,13.106,13.106,202662000,
2019/6/6,13.629333,14.066667,13.453333,13.73,13.73,303633000,
2019/6/7,13.666667,14.056,13.566667,13.633333,13.633333,240052500,
2019/6/10,14.016667,14.462667,13.934,14.192,14.192,158775000,
2019/6/11,14.609333,14.726667,14.233333,14.473333,14.473333,174802500,
2019/6/12,14.863333,14.892,13.933333,13.950667,13.950667,227962500,
2019/6/13,14.025333,14.326667,13.834,14.260667,14.260667,122524500,
2019/6/14,14.083333,14.443333,14.026667,14.328,14.328,111501000,
2019/6/17,14.365333,15.133333,14.284667,15.002,15.002,184752000,
2019/6/18,15.248,15.649333,14.837333,14.982667,14.982667,190737000,
2019/6/19,15.007333,15.184667,14.737333,15.095333,15.095333,98626500,
2019/6/20,14.866667,15.126667,14.423333,14.641333,14.641333,177952500,
2019/6/21,14.414667,14.812,14.366667,14.790667,14.790667,123031500,
2019/6/24,14.882667,15.057333,14.734667,14.909333,14.909333,86262000,
2019/6/25,14.959333,15.022667,14.632667,14.650667,14.650667,92731500,
2019/6/26,14.687333,15.148667,14.54,14.618,14.618,127608000,
2019/6/27,14.63,14.86,14.49,14.856,14.856,95095500,
2019/6/28,14.732667,15.011333,14.72,14.897333,14.897333,102771000,
2019/7/1,15.347333,15.54,15.085333,15.144667,15.144667,123201000,
2019/7/2,15.259333,15.276667,14.814667,14.97,14.97,138885000,
2019/7/3,15.959333,16.104668,15.634,15.66,15.66,213016500,
2019/7/5,15.638,15.696667,15.386667,15.54,15.54,105985500,
2019/7/8,15.416,15.483333,15.244,15.356,15.356,88207500,
2019/7/9,15.264667,15.4,15.152,15.337333,15.337333,92862000,
2019/7/10,15.61,15.929333,15.542667,15.928,15.928,137185500,
2019/7/11,15.876,16.1,15.72,15.906667,15.906667,112716000,
2019/7/12,15.983333,16.358667,15.980667,16.338667,16.338667,138007500,
2019/7/15,16.533333,16.961332,16.323999,16.9,16.9,165001500,
2019/7/16,16.620001,16.902,16.528667,16.825333,16.825333,122235000,
2019/7/17,17.044666,17.220667,16.889999,16.990667,16.990667,146470500,
2019/7/18,17.003332,17.049999,16.792667,16.902666,16.902666,71379000,
2019/7/19,17.046,17.330667,16.974667,17.212,17.212,105726000,
2019/7/22,17.25,17.476667,16.945999,17.045334,17.045334,102636000,
2019/7/23,17.114,17.365334,16.966667,17.344667,17.344667,75346500,
2019/7/24,17.278,17.738001,17.210667,17.658667,17.658667,166092000,
2019/7/25,15.566667,15.633333,15.036667,15.254667,15.254667,336274500,
2019/7/26,15.128,15.350667,14.816667,15.202667,15.202667,150415500,
2019/7/29,15.139333,15.729333,15.068667,15.718,15.718,139099500,
2019/7/30,15.526667,16.224001,15.478667,16.150667,16.150667,121635000,
2019/7/31,16.200001,16.445333,15.776667,16.107332,16.107332,137673000,
2019/8/1,16.176666,16.300667,15.451333,15.59,15.59,123892500,
2019/8/2,15.423333,15.751333,15.282,15.622667,15.622667,92047500,
2019/8/5,15.306667,15.424667,15.052,15.221333,15.221333,105424500,
2019/8/6,15.458667,15.5,15.05,15.383333,15.383333,83463000,
2019/8/7,15.1,15.571333,15.053333,15.561333,15.561333,71647500,
2019/8/8,15.63,15.986667,15.51,15.886667,15.886667,79114500,
2019/8/9,15.736667,15.930667,15.587333,15.667333,15.667333,58473000,
2019/8/12,15.532667,15.718,15.25,15.267333,15.267333,69958500,
2019/8/13,15.254,15.733333,15.17,15.666667,15.666667,72721500,
2019/8/14,15.414,15.433333,14.446,14.641333,14.641333,143439000,
2019/8/15,14.724,14.770667,14.103333,14.376,14.376,122394000,
2019/8/16,14.444,14.816,14.401333,14.662667,14.662667,76477500,
2019/8/19,14.947333,15.188667,14.78,15.122,15.122,79644000,
2019/8/20,15.174667,15.272667,14.969333,15.057333,15.057333,61878000,
2019/8/21,14.800667,14.881333,14.506667,14.722,14.722,116914500,
2019/8/22,14.853333,15.026667,14.548,14.81,14.81,98385000,
2019/8/23,14.664667,14.744667,14.066667,14.093333,14.093333,128079000,
2019/8/26,14.24,14.334667,14.102667,14.333333,14.333333,75778500,
2019/8/27,14.382667,14.586667,14.135333,14.272,14.272,81243000,
2019/8/28,14.246,14.483333,14.154,14.372667,14.372667,48382500,
2019/8/29,14.6,14.893333,14.533333,14.780667,14.780667,77692500,
2019/8/30,15.276667,15.496,14.947333,15.040667,15.040667,139809000,
2019/9/3,14.938667,15.263333,14.877333,15.000667,15.000667,80311500,
2019/9/4,15.126,15.230667,14.614,14.712,14.712,86415000,
2019/9/5,14.833333,15.32,14.723333,15.305333,15.305333,110929500,
2019/9/6,15.146667,15.309333,15.011333,15.163333,15.163333,62841000,
2019/9/9,15.333333,15.584,15.282,15.452667,15.452667,72040500,
2019/9/10,15.386667,15.702667,15.262667,15.702667,15.702667,73255500,
2019/9/11,15.825333,16.544666,15.733333,16.473333,16.473333,150642000,
2019/9/12,16.513332,16.9,16.293333,16.391333,16.391333,128718000,
2019/9/13,16.464001,16.563334,16.324667,16.346666,16.346666,79696500,
2019/9/16,16.4,16.495333,16.077999,16.187332,16.187332,70921500,
2019/9/17,16.164667,16.373333,16.024668,16.319332,16.319332,57981000,
2019/9/18,16.333332,16.544666,16.158001,16.232668,16.232668,62553000,
2019/9/19,16.4,16.529333,16.322666,16.440001,16.440001,71937000,
2019/9/20,16.432667,16.463333,15.877333,16.041332,16.041332,95295000,
2019/9/23,16,16.345333,15.948,16.082001,16.082001,65103000,
2019/9/24,16.101334,16.132668,14.840667,14.880667,14.880667,193372500,
2019/9/25,14.970667,15.265333,14.557333,15.246667,15.246667,141406500,
2019/9/26,15.377333,16.220667,15.16,16.170668,16.170668,178267500,
2019/9/27,16.146667,16.580667,15.915333,16.142,16.142,166746000,
2019/9/30,16.200001,16.265333,15.740667,16.058001,16.058001,88197000,
2019/10/1,16.1,16.396667,15.942,16.312668,16.312668,92439000,
2019/10/2,16.219334,16.309999,15.962,16.208668,16.208668,84471000,
2019/10/3,15.457333,15.632,14.952,15.535333,15.535333,226267500,
2019/10/4,15.440667,15.652,15.204667,15.428667,15.428667,119925000,
2019/10/7,15.32,15.904,15.236667,15.848,15.848,120963000,
2019/10/8,15.724667,16.262667,15.633333,16.003332,16.003332,130173000,
2019/10/9,16.087999,16.486668,16.043333,16.302,16.302,103416000,
2019/10/10,16.351999,16.618668,16.105333,16.316,16.316,94249500,
2019/10/11,16.476667,16.738667,16.454,16.525999,16.525999,127131000,
2019/10/14,16.526667,17.236668,16.475332,17.130667,17.130667,153075000,
2019/10/15,17.18,17.333332,16.941334,17.192667,17.192667,96492000,
2019/10/16,17.159332,17.473333,17.128,17.316668,17.316668,100261500,
2019/10/17,17.5,17.652,17.344667,17.464666,17.464666,71539500,
2019/10/18,17.379999,17.52,17.006666,17.129999,17.129999,86247000,
2019/10/21,17.222,17.299999,16.678667,16.9,16.9,75304500,
2019/10/22,16.954666,17.222,16.723333,17.038668,17.038668,69012000,
2019/10/23,16.966667,17.076,16.756666,16.978666,16.978666,78916500,
2019/10/24,19.891333,20.328667,19.280001,19.978666,19.978666,445813500,
2019/10/25,19.848,22,19.740667,21.875334,21.875334,450091500,
2019/10/28,21.836,22.722668,21.506666,21.847334,21.847334,283054500,
2019/10/29,21.332666,21.620001,20.983334,21.081333,21.081333,190264500,
2019/10/30,20.866667,21.252666,20.664667,21.000668,21.000668,144627000,
2019/10/31,20.873333,21.266666,20.866667,20.994667,20.994667,76005000,
2019/11/1,21.087999,21.098667,20.653334,20.887333,20.887333,95758500,
2019/11/4,20.986668,21.462667,20.617332,21.164667,21.164667,131805000,
2019/11/5,21.308001,21.567333,21.074667,21.148001,21.148001,104151000,
2019/11/6,21.200001,21.781334,20.966667,21.771999,21.771999,119113500,
2019/11/7,21.942667,22.766666,21.868,22.369333,22.369333,217009500,
2019/11/8,22.299999,22.497334,22.166668,22.476,22.476,91038000,
2019/11/11,22.93,23.279333,22.799999,23.006001,23.006001,149800500,
2019/11/12,23.126667,23.358,22.936001,23.328667,23.328667,110391000,
2019/11/13,23.666668,23.755333,23.011999,23.073999,23.073999,126301500,
2019/11/14,23.073999,23.589333,22.860666,23.290001,23.290001,96973500,
2019/11/15,23.375999,23.52,23.224001,23.478001,23.478001,72135000,
2019/11/18,23.528,23.543333,23.073334,23.332666,23.332666,66006000,
2019/11/19,23.450001,23.999332,23.186666,23.968,23.968,115872000,
2019/11/20,24,24.08,23.304667,23.481333,23.481333,100876500,
2019/11/21,23.634001,24.056,23.6,23.655333,23.655333,91650000,
2019/11/22,22.677334,22.733334,22,22.202667,22.202667,253059000,
2019/11/25,22.954666,22.971333,22.297333,22.422667,22.422667,185092500,
2019/11/26,22.351334,22.366667,21.806667,21.927999,21.927999,119211000,
2019/11/27,22.074667,22.261999,21.904667,22.086,22.086,83334000,
2019/11/29,22.073999,22.084,21.833332,21.996,21.996,36984000,
2019/12/2,21.959999,22.425333,21.912666,22.324667,22.324667,91117500,
2019/12/3,22.174667,22.527332,22.146,22.413334,22.413334,98605500,
2019/12/4,22.516666,22.524,22.190001,22.202,22.202,82995000,
2019/12/5,22.188667,22.294666,21.816668,22.024668,22.024668,55869000,
2019/12/6,22.333332,22.590668,22.318001,22.392668,22.392668,114186000,
2019/12/9,22.439333,22.963333,22.338667,22.635332,22.635332,135346500,
2019/12/10,22.664,23.382,22.620667,23.256001,23.256001,132424500,
2019/12/11,23.458668,23.812668,23.406,23.513332,23.513332,103467000,
2019/12/12,23.661333,24.182667,23.548668,23.978666,23.978666,116458500,
2019/12/13,24.07,24.347334,23.642668,23.892668,23.892668,98563500,
2019/12/16,24.17,25.573999,24.166668,25.433332,25.433332,272613000,
2019/12/17,25.266001,25.700001,25.059999,25.266001,25.266001,127452000,
2019/12/18,25.375334,26.348,25.372,26.209999,26.209999,211815000,
2019/12/19,26.488001,27.123333,26.433332,26.936001,26.936001,271606500,
2019/12/20,27.352667,27.533333,26.679333,27.039333,27.039333,221290500,
2019/12/23,27.452,28.134001,27.333332,27.948,27.948,199794000,
2019/12/24,27.890667,28.364668,27.512667,28.35,28.35,120820500,
2019/12/26,28.527332,28.898666,28.423332,28.729334,28.729334,159508500,
2019/12/27,29,29.020666,28.407333,28.691999,28.691999,149185500,
2019/12/30,28.586,28.6,27.284,27.646667,27.646667,188796000,
2019/12/31,27,28.086,26.805332,27.888666,27.888666,154285500,
2020/1/2,28.299999,28.713333,28.114,28.684,28.684,142981500,
2020/1/3,29.366667,30.266666,29.128,29.534,29.534,266677500,
2020/1/6,29.364668,30.104,29.333332,30.102667,30.102667,151995000,
2020/1/7,30.76,31.441999,30.224001,31.270666,31.270666,268231500,
2020/1/8,31.58,33.232666,31.215334,32.809334,32.809334,467164500,
2020/1/9,33.139999,33.253334,31.524668,32.089333,32.089333,426606000,
2020/1/10,32.119331,32.329334,31.58,31.876667,31.876667,194392500,
2020/1/13,32.900002,35.042,32.799999,34.990665,34.990665,397764000,
2020/1/14,36.284,36.493999,34.993332,35.861332,35.861332,434943000,
2020/1/15,35.317333,35.855999,34.452667,34.566666,34.566666,260532000,
2020/1/16,32.916668,34.297333,32.811333,34.232666,34.232666,326050500,
2020/1/17,33.840668,34.377998,33.543999,34.033333,34.033333,204436500,
2020/1/21,35.349998,36.571999,35.227333,36.48,36.48,267052500,
2020/1/22,38.125999,39.633331,37.273335,37.970669,37.970669,470535000,
2020/1/23,37.616669,38.799999,37.040001,38.146667,38.146667,294765000,
2020/1/24,38.042,38.257332,36.950668,37.654667,37.654667,215304000,
2020/1/27,36.132668,37.629333,35.952,37.201332,37.201332,204121500,
2020/1/28,37.899334,38.453999,37.205334,37.793331,37.793331,176827500,
2020/1/29,38.379333,39.32,37.828667,38.732666,38.732666,267022500,
2020/1/30,42.161331,43.391998,41.200001,42.720669,42.720669,435085500,
2020/1/31,42.666668,43.533333,42.167999,43.371334,43.371334,235789500,
2020/2/3,44.912666,52.409332,44.901333,52,52,705975000,
2020/2/4,58.863998,64.599335,55.591999,59.137333,59.137333,914082000,
2020/2/5,54.883999,56.398666,46.940666,48.98,48.98,726357000,
2020/2/6,46.661331,53.055332,45.799999,49.930668,49.930668,598212000,
2020/2/7,48.703335,51.316666,48.666668,49.871334,49.871334,255952500,
2020/2/10,53.333332,54.666,50.16,51.418667,51.418667,370338000,
2020/2/11,51.252666,52.234001,50.533333,51.625332,51.625332,175462500,
2020/2/12,51.858002,52.650002,50.891335,51.152668,51.152668,180337500,
2020/2/13,49.456001,54.533333,49,53.599998,53.599998,394339500,
2020/2/14,52.481335,54.198002,52.366669,53.335335,53.335335,235405500,
2020/2/18,56.106667,57.333332,55.490665,57.226665,57.226665,245725500,
2020/2/19,61.566666,62.985332,60.068001,61.161331,61.161331,381345000,
2020/2/20,60.796665,60.799999,57.329334,59.960667,59.960667,264523500,
2020/2/21,60.465332,60.870667,58.696667,60.066666,60.066666,214722000,
2020/2/24,55.933334,57.566666,54.813332,55.585999,55.585999,227883000,
2020/2/25,56.599998,57.106667,52.466667,53.327332,53.327332,259357500,
2020/2/26,52.166668,54.220669,51.740665,51.919998,51.919998,211282500,
2020/2/27,48.666668,49.318001,44.599998,45.266666,45.266666,364158000,
2020/2/28,41.98,46.034668,40.768002,44.532665,44.532665,363343500,
2020/3/2,47.417332,49.579334,45.778,49.574669,49.574669,302925000,
2020/3/3,53.666668,53.798668,47.740665,49.700668,49.700668,386760000,
2020/3/4,50.930668,51.101334,48.315334,49.966667,49.966667,225735000,
2020/3/5,48.251331,49.716667,47.871334,48.302666,48.302666,162790500,
2020/3/6,46,47.133331,45.618,46.898666,46.898666,189943500,
2020/3/9,40.359333,44.200001,40.333332,40.533333,40.533333,256105500,
2020/3/10,43.962002,44.533333,40.533333,43.021999,43.021999,233916000,
2020/3/11,42.68,43.571999,40.866669,42.282001,42.282001,199837500,
2020/3/12,38.726002,39.633331,36.416668,37.369999,37.369999,283636500,
2020/3/13,39.666668,40.504665,33.466667,36.441334,36.441334,339604500,
2020/3/16,31.299999,32.991333,29.478001,29.671333,29.671333,307342500,
2020/3/17,29.334,31.456667,26.4,28.68,28.68,359919000,
2020/3/18,25.933332,26.990667,23.367332,24.081333,24.081333,356793000,
2020/3/19,24.98,30.133333,23.897333,28.509333,28.509333,452932500,
2020/3/20,29.213333,31.799999,28.386,28.502001,28.502001,424282500,
2020/3/23,28.906668,29.466667,27.366667,28.952667,28.952667,246817500,
2020/3/24,31.82,34.245998,31.6,33.666668,33.666668,343428000,
2020/3/25,36.349998,37.133331,34.074001,35.950001,35.950001,318340500,
2020/3/26,36.492668,37.333332,34.150002,35.210667,35.210667,260710500,
2020/3/27,33.666668,35.053333,32.935333,34.290668,34.290668,215661000,
2020/3/30,34.017334,34.443333,32.748669,33.475334,33.475334,179971500,
2020/3/31,33.416668,36.197334,33.133331,34.933334,34.933334,266572500,
2020/4/1,33.599998,34.263332,31.673332,32.104,32.104,200298000,
2020/4/2,32.068668,32.950668,29.76,30.298,30.298,297876000,
2020/4/3,33.966667,34.366001,31.226,32.000668,32.000668,338431500,
2020/4/6,34.080002,34.733334,33.197334,34.416,34.416,223527000,
2020/4/7,36.333332,37.666668,35.489334,36.363335,36.363335,268797000,
2020/4/8,36.946667,37.147331,35.555332,36.589333,36.589333,189840000,
2020/4/9,37.472668,38.345333,37.140667,38.200001,38.200001,204750000,
2020/4/13,39.344002,43.466667,38.702,43.396667,43.396667,337131000,
2020/4/14,46.598,49.458668,46.161999,47.326,47.326,458647500,
2020/4/15,49.466667,50.208668,47.333332,48.655334,48.655334,353655000,
2020/4/16,47.796001,50.630001,47.114666,49.680668,49.680668,309868500,
2020/4/17,51.485332,51.663334,49.844002,50.259335,50.259335,196923000,
2020/4/20,48.846668,51.037998,47.480667,49.757332,49.757332,221199000,
2020/4/21,48.674667,50.222,44.919334,45.781334,45.781334,303136500,
2020/4/22,46.931999,48.933334,45.914001,48.807335,48.807335,212482500,
2020/4/23,48.506668,48.933334,46.875332,47.042,47.042,198550500,
2020/4/24,47.387333,48.715332,46.545334,48.343334,48.343334,198180000,
2020/4/27,49.174,53.299332,49,53.25,53.25,310221000,
2020/4/28,53.042667,53.666668,50.445999,51.274666,51.274666,228330000,
2020/4/29,52.678001,53.546665,52.210667,53.367332,53.367332,243240000,
2020/4/30,57.012669,57.987999,50.900002,52.125332,52.125332,427078500,
2020/5/1,50.333332,51.518002,45.535999,46.754665,46.754665,487977000,
2020/5/4,46.733334,50.799999,46.533333,50.745998,50.745998,288556500,
2020/5/5,52.652668,53.261333,50.812,51.214001,51.214001,254875500,
2020/5/6,51.766666,52.653332,50.740665,52.172001,52.172001,166848000,
2020/5/7,51.813999,53.093334,51.490002,52.002666,52.002666,172915500,
2020/5/8,52.917999,54.933334,52.467335,54.627998,54.627998,241297500,
2020/5/11,52.700668,54.933334,52.333332,54.085999,54.085999,247794000,
2020/5/12,55.133331,56.219334,53.866669,53.960667,53.960667,238603500,
2020/5/13,54.722,55.066666,50.886665,52.730667,52.730667,285982500,
2020/5/14,52,53.557335,50.933334,53.555332,53.555332,205233000,
2020/5/15,52.689999,53.669998,52.436668,53.278,53.278,157776000,
2020/5/18,55.185333,55.647999,53.591999,54.242001,54.242001,174987000,
2020/5/19,54.344666,54.804668,53.738667,53.867332,53.867332,144547500,
2020/5/20,54.700001,55.066666,54.119999,54.370667,54.370667,109639500,
2020/5/21,54.400002,55.5,53.066666,55.173332,55.173332,183819000,
2020/5/22,54.811333,55.452,54.133331,54.458668,54.458668,149812500,
2020/5/26,55.633331,55.639999,54.380669,54.591331,54.591331,121345500,
2020/5/27,54.723999,55.180668,52.333332,54.681999,54.681999,173242500,
2020/5/28,54.234001,54.983334,53.445999,53.720669,53.720669,108834000,
2020/5/29,53.916668,55.666668,53.613998,55.666668,55.666668,176467500,
2020/6/1,57.200001,59.933334,56.939999,59.873333,59.873333,224092500,
2020/6/2,59.646667,60.577332,58.066666,58.770668,58.770668,203484000,
2020/6/3,59.208,59.862667,58.673332,58.863998,58.863998,119242500,
2020/6/4,59.325333,59.716667,57.229332,57.625332,57.625332,133315500,
2020/6/5,58.522667,59.101334,57.746666,59.043999,59.043999,117178500,
2020/6/8,61.266666,63.333332,60.610668,63.327999,63.327999,212620500,
2020/6/9,62.667332,63.629333,61.595333,62.711334,62.711334,170823000,
2020/6/10,66.125336,68.498665,65.5,68.33667,68.33667,278451000,
2020/6/11,66.013336,67.930664,64.800003,64.856003,64.856003,238747500,
2020/6/12,65.333336,65.865334,60.84,62.352001,62.352001,251451000,
2020/6/15,61.186001,66.589333,60.566666,66.059998,66.059998,235458000,
2020/6/16,67.456665,67.52533,64.159332,65.475334,65.475334,210766500,
2020/6/17,65.847336,67,65.504669,66.119331,66.119331,148362000,
2020/6/18,66.866669,67.946671,66.297997,66.930664,66.930664,146278500,
2020/6/19,67.518669,67.731331,66.089333,66.726669,66.726669,130195500,
2020/6/22,66.66333,67.258667,66.001335,66.288002,66.288002,95436000,
2020/6/23,66.592003,67.466667,66.267334,66.785332,66.785332,95479500,
2020/6/24,66.274002,66.725334,63.542667,64.056664,64.056664,164394000,
2020/6/25,63.618,65.732002,62.476665,65.732002,65.732002,138817500,
2020/6/26,66.318665,66.333336,63.658001,63.982666,63.982666,132823500,
2020/6/29,64.60067,67.333336,63.234669,67.290001,67.290001,135396000,
2020/6/30,67.099998,72.512665,66.915337,71.987335,71.987335,253777500,
2020/7/1,72.199997,75.688667,72.033333,74.641998,74.641998,199903500,
2020/7/2,81.431999,81.866669,79.040001,80.577332,80.577332,258751500,
2020/7/6,85.112663,91.852669,84.402664,91.438667,91.438667,308548500,
2020/7/7,93.667336,95.300003,89.113998,92.657333,92.657333,322345500,
2020/7/8,93.666664,94.484001,87.422668,91.05867,91.05867,244669500,
2020/7/9,93.132668,93.903999,90.085335,92.952003,92.952003,175764000,
2020/7/10,93.066666,103.26133,91.734001,102.976669,102.976669,350064000,
2020/7/13,110.599998,119.666,98.073997,99.804001,99.804001,584781000,
2020/7/14,103.73333,106,95.400002,101.120003,101.120003,351271500,
2020/7/15,102.866669,103.333336,97.133331,103.067329,103.067329,245517000,
2020/7/16,98.477333,102.113998,97.73333,100.042664,100.042664,214512000,
2020/7/17,100.896667,102.500664,99.333336,100.056,100.056,139950000,
2020/7/20,101.267334,110,99.199997,109.533333,109.533333,256821000,
2020/7/21,109.328667,111.666664,103.866669,104.557335,104.557335,241608000,
2020/7/22,106.599998,108.428001,104.133331,106.155334,106.155334,212416500,
2020/7/23,111.93,112.599998,98.718002,100.87133,100.87133,364927500,
2020/7/24,94.400665,97.666664,91.102669,94.466667,94.466667,290949000,
2020/7/27,95.666664,103.195999,94.199997,102.639999,102.639999,240730500,
2020/7/28,100.26667,104.313332,98.29467,98.432671,98.432671,237130500,
2020/7/29,100.066666,102.320663,99.133331,99.940666,99.940666,141403500,
2020/7/30,99.199997,100.882668,98.066666,99.166,99.166,114315000,
2020/7/31,101,101.136665,94.732002,95.384003,95.384003,183123000,
2020/8/3,96.613335,100.653999,96.292,99,99,132139500,
2020/8/4,99.667336,101.827332,97.466667,99.133331,99.133331,126225000,
2020/8/5,99.532669,99.989334,97.887337,99.001335,99.001335,74217000,
2020/8/6,99.388664,101.153999,98.484001,99.305336,99.305336,89884500,
2020/8/7,99.96933,99.98333,94.334,96.847336,96.847336,133446000,
2020/8/10,96.533333,97.166664,92.389336,94.571335,94.571335,112834500,
2020/8/11,93.066666,94.666664,91,91.625999,91.625999,129387000,
2020/8/12,98,105.666664,95.666664,103.650665,103.650665,327441000,
